-- phpMyAdmin SQL Dump
-- version 5.0.3
-- https://www.phpmyadmin.net/
--
-- Host: 127.0.0.1
-- Generation Time: Nov 23, 2020 at 09:29 PM
-- Server version: 10.4.14-MariaDB
-- PHP Version: 7.4.11

SET SQL_MODE = "NO_AUTO_VALUE_ON_ZERO";
START TRANSACTION;
SET time_zone = "+00:00";


/*!40101 SET @OLD_CHARACTER_SET_CLIENT=@@CHARACTER_SET_CLIENT */;
/*!40101 SET @OLD_CHARACTER_SET_RESULTS=@@CHARACTER_SET_RESULTS */;
/*!40101 SET @OLD_COLLATION_CONNECTION=@@COLLATION_CONNECTION */;
/*!40101 SET NAMES utf8mb4 */;

--
-- Database: `demo`
--

-- --------------------------------------------------------

--
-- Table structure for table `questions`
--

CREATE TABLE `questions` (
  `id` int(11) NOT NULL,
  `tag` varchar(200) NOT NULL,
  `qcode` varchar(200) NOT NULL
) ENGINE=InnoDB DEFAULT CHARSET=utf8mb4;

--
-- Dumping data for table `questions`
--

INSERT INTO `questions` (`id`, `tag`, `qcode`) VALUES
(1, '12bit061', 'CDWY02'),
(2, '12bit061', 'CDWY01'),
(3, '12bit061', 'CDWY03'),
(4, '12bit061', 'CDWY04'),
(5, '2-d', 'SWAPMATR'),
(6, '2-d', 'CHEFZERO'),
(7, '2-d', 'DISTNUM'),
(8, '2-d-array', 'BC204'),
(9, '2-d-array', 'GRIDGM'),
(10, '2-d-array', 'PLUS'),
(11, '2-d-array', 'PHOTOCOM'),
(12, '2-d-array', 'TRACE'),
(13, '2-d-array', 'CHFDORA'),
(14, '2-d-prefixsum', 'COW3E'),
(15, '2-d-prefixsum', 'PHOTOCOM'),
(16, '2-sat', 'CONSEL'),
(17, '2-sat', 'COMAPR06'),
(18, '2-sat', 'VRTXCOVR'),
(19, '2-sat', 'ROBAGAIN'),
(20, '2-sat', 'RB2CNF'),
(21, 'ACRush', 'CHAORNOT'),
(22, 'ACRush', 'EDSTGRID'),
(23, 'ACRush', 'LMATRIX3'),
(24, 'AnonymousBunny', 'GROADS'),
(25, 'AnonymousBunny', 'SWPERMS'),
(26, 'AnonymousBunny', 'NICPRM'),
(27, 'Chunky', 'RG01'),
(28, 'Chunky', 'KNIGHT01'),
(29, 'Chunky', 'KNIGHT02'),
(30, 'Chunky', 'KNIGHT03'),
(31, 'Chunky', 'KNIGHT04'),
(32, 'Chunky', 'KNIGHT05'),
(33, 'Chunky', 'RG02'),
(34, 'Chunky', 'RG03'),
(35, 'Chunky', 'RG04'),
(36, 'Chunky', 'RG05'),
(37, 'Debanjan', 'CWAR1'),
(38, 'Debanjan', 'CZIP3'),
(39, 'Debanjan', 'PRQUIN'),
(40, 'Debanjan', 'MTRANS'),
(41, 'Debanjan', 'BINGCD'),
(42, 'Debanjan', 'TOTAREA'),
(43, 'Debanjan', 'FACTCN'),
(44, 'Debanjan', 'FCTRIZE'),
(45, 'Debanjan', 'GPRIME'),
(46, 'Debanjan', 'ESYPROB'),
(47, 'a21603520', 'TECW01'),
(48, 'a21603520', 'TECW03'),
(49, 'a21603520', 'TECW02'),
(50, 'a21603520', 'TECW04'),
(51, 'a_g2009', 'MIRRORS'),
(52, 'a_g2009', 'CINEMA'),
(53, 'a_g2009', 'CANDB'),
(54, 'a_g2009', 'TILE'),
(55, 'a_g2009', 'TILE0'),
(56, 'a_g2009', 'CDMT06'),
(57, 'a_kk', 'CODEFT05'),
(58, 'a_kk', 'CODEFT11'),
(59, 'a_kk', 'CODEFT13'),
(60, 'aa98', 'EVEDG'),
(61, 'aadesh_99', 'TR001'),
(62, 'aadesh_99', 'TR002'),
(63, 'aadesh_99', 'TR003'),
(64, 'aadesh_99', 'TR004'),
(65, 'aadil_tajani', 'PLSMUL'),
(66, 'aadil_tajani', 'MAXLET'),
(67, 'aadithyau', 'ABCFV'),
(68, 'aadithyau', 'ABTAM'),
(69, 'aadithyau', 'ABCDEMO'),
(70, 'aadithyau', 'ECCOMM'),
(71, 'aadithyau', 'SNDR'),
(72, 'aagg', 'CCCS1'),
(73, 'aagg', 'CCCS2'),
(74, 'aagg', 'CCCS3'),
(75, 'aagg', 'CCCS4'),
(76, 'aaijmrt', 'INSQ16A'),
(77, 'aaijmrt', 'INSQ16B'),
(78, 'aaijmrt', 'INSQ16H'),
(79, 'aalthafari', 'ECC10601'),
(80, 'aalthafari', 'ECC10602'),
(81, 'aalthafari', 'ECC10603'),
(82, 'aalthafari', 'ECC10604'),
(83, 'aangairbender', 'KSPHERES'),
(84, 'aangairbender', 'KFUNC'),
(85, 'aangairbender', 'KBIGNUMB'),
(86, 'aaron2701', 'COUP01'),
(87, 'aaron2701', 'COUP02'),
(88, 'aaron2701', 'COUP03'),
(89, 'aaron2701', 'COUP04'),
(90, 'aaron2701', 'COUP05'),
(91, 'aashish23', 'GYMTRNR'),
(92, 'aashish23', 'SNKLD'),
(93, 'aashish23', 'BAHOTHRD'),
(94, 'aashish23', 'GRPHVIP'),
(95, 'aashish23', 'UNQPAL'),
(96, 'aashu_k', 'ARYGRD'),
(97, 'aashu_k', 'CERSOL'),
(98, 'aashu_k', 'MINIMAX2'),
(99, 'aashu_k', 'WINHERE'),
(100, 'aashu_k', 'MIRTREE'),
(101, 'aashu_k', 'DANOW'),
(102, 'aashu_k', 'SATY0000'),
(103, 'aashutosh001', 'COOPSQ'),
(104, 'aashutosh001', 'FINDNP'),
(105, 'aashutosh001', 'JAPP'),
(106, 'aashutosh001', 'BLNTASGN'),
(107, 'aatif20', 'FINDWAY'),
(108, 'aatif20', 'PRO02'),
(109, 'aatif20', 'SUPRMAN'),
(110, 'aatif20', 'REVSTR'),
(111, 'aatif20', 'STRCITY'),
(112, 'aatif20', 'EIDI'),
(113, 'aayush1998', 'INQU1904'),
(114, 'aayush1998', 'INQU1903'),
(115, 'aayush1998', 'INQU1901'),
(116, 'aayush1998', 'INQU1902'),
(117, 'aayush1998', 'INQU1905'),
(118, 'aayush1998', 'INQU1900'),
(119, 'aayush1998', 'INQU1906'),
(120, 'aayush1998', 'MULSTR'),
(121, 'aayush1998', 'ONELAND'),
(122, 'aayush1998', 'FPAIRS'),
(123, 'aayush9', 'PS18A'),
(124, 'aayush9', 'PS18B'),
(125, 'aayush9', 'PS18C'),
(126, 'aayush9', 'PS18D'),
(127, 'aayush9', 'PS18E'),
(128, 'aayush9', 'PS18F'),
(129, 'aayushhindwan', 'INCLN'),
(130, 'aayushhindwan', 'MINOTES'),
(131, 'aayushhindwan', 'VOWEL4'),
(132, 'aayushindwan\r\n', 'CRWDCN'),
(133, 'aayushindwan\r\n', 'TEMPLE'),
(134, 'aayushindwan\r\n', 'PROFDE'),
(135, 'aayushindwan\r\n', 'PRIMEBIT'),
(136, 'aayushindwan\r\n', 'LUCKYNO'),
(137, 'aayushindwan\r\n', 'BOXINBOX'),
(138, 'aayushindwan\r\n', 'RANPRO'),
(139, 'aayushindwan\r\n', 'CEMENT'),
(140, 'aayushme\r\n', 'GKSMNHM'),
(141, 'aayushme\r\n', 'GKSMNLC'),
(142, 'aayushme\r\n', 'GKSMNRTD'),
(143, 'aayushme\r\n', 'GKSMNRSK'),
(144, 'aayushme\r\n', 'GKSMNIP'),
(145, 'aayushme\r\n', 'GKSMNIVC'),
(146, 'abacus18\r\n', 'RKABOL01'),
(147, 'abacus18\r\n', 'RKABOL02'),
(148, 'abacus18\r\n', 'RKABOL03'),
(149, 'abacus18\r\n', 'RKABOL04'),
(150, 'abacus18\r\n', 'RKABOL05'),
(151, 'abacus18\r\n', 'RKABOL06'),
(152, 'abacus18\r\n', 'RKABOL08'),
(153, 'abacus_opc\r\n', 'ABA14A'),
(154, 'abacus_opc\r\n', 'ABA14B'),
(155, 'abacus_opc\r\n', 'ABA14C'),
(156, 'abacus_opc\r\n', 'ABA14D'),
(157, 'abacus_opc\r\n', 'ABA14E'),
(158, 'abacus_opc\r\n', 'ABA14F'),
(159, 'abacus_opc\r\n', 'ABA15A'),
(160, 'abacus_opc\r\n', 'ABA15B'),
(161, 'abacus_opc\r\n', 'ABA15D'),
(162, 'abacus_opc\r\n', 'ABA15C'),
(163, 'abbas\r\n', 'CHWORK'),
(164, 'abbas\r\n', 'CHPLNTS'),
(165, 'abdul135\r\n', 'CHSERVE'),
(166, 'abdullah768\r\n', 'FAKEBS'),
(167, 'abdullah768\r\n', 'GUESSRT'),
(168, 'abdullah768\r\n', 'DPS'),
(169, 'abdullah768\r\n', 'GRIDTOUR'),
(170, 'abdullah768\r\n', 'REMMAX'),
(171, 'abdullah768\r\n', 'ABDTOLL'),
(172, 'abeersethi\r\n', 'PT1'),
(173, 'abeersethi\r\n', 'PT2'),
(174, 'abeersethi\r\n', 'PT3'),
(175, 'abeersethi\r\n', 'PT4'),
(176, 'abeersethi\r\n', 'PT5'),
(177, 'abeersethi\r\n', 'PT6'),
(178, 'abeersethi\r\n', 'PT7'),
(179, 'abeersethi\r\n', 'PT8'),
(180, 'abelyan\r\n', 'POSAND'),
(181, 'abelyan\r\n', 'ADDSQURE'),
(182, 'abeyaar\r\n', 'CHFANS'),
(183, 'abhi1210\r\n', 'AVSD'),
(184, 'abhi1210\r\n', 'SAN1'),
(185, 'abhi1210\r\n', 'PID'),
(186, 'abhi1210\r\n', 'ERD'),
(187, 'abhi1agarwal\r\n', 'VTREE'),
(188, 'abhi2402\r\n', 'INF1904'),
(189, 'abhi2402\r\n', 'INF1914'),
(190, 'abhi2402\r\n', 'COCR108'),
(191, 'abhi2402\r\n', 'KGCD'),
(192, 'abhi935235\r\n', 'GOC_JIET'),
(193, 'abhi935235\r\n', 'GOC_JGI2'),
(194, 'abhi_1595\r\n', 'SANBAN'),
(195, 'abhi_1595\r\n', 'ARGCD'),
(196, 'abhi_1595\r\n', 'SCHAR'),
(197, 'abhi_1595\r\n', 'MAAFIA'),
(198, 'abhi_1595\r\n', 'PRINCESS'),
(199, 'abhi_1595\r\n', 'ALATE'),
(200, 'abhi_1595\r\n', 'INSQ17P'),
(201, 'abhi_1595\r\n', 'INSQ17E'),
(202, 'abhi_1595\r\n', 'INSQ17X'),
(203, 'abhi_1595\r\n', 'INSQ17Z'),
(204, 'abhi_jeet007\r\n', 'ENCJMAY2'),
(205, 'abhiavi_1995\r\n', 'ACEWAR'),
(206, 'abhics1\r\n', 'CDOLP1'),
(207, 'abhics1\r\n', 'CDOLP2'),
(208, 'abhics1\r\n', 'CDOLP3'),
(209, 'abhics1\r\n', 'CDOLP4'),
(210, 'abhics1\r\n', 'CDOLP5'),
(211, 'abhidce2013\r\n', 'CRNM1201'),
(212, 'abhidce2013\r\n', 'CRNM1202'),
(213, 'abhidce2013\r\n', 'CRNM1203'),
(214, 'abhidce2013\r\n', 'CRNM1205'),
(215, 'abhidce2013\r\n', 'CRNM1207'),
(216, 'abhidce2013\r\n', 'CRNM1204'),
(217, 'abhidce2013\r\n', 'CRNM1206'),
(218, 'abhigyan_floyd\r\n', 'KUNDIG'),
(219, 'abhigyan_floyd\r\n', 'ADASUM'),
(220, 'abhigyan_floyd\r\n', 'ANUSQU'),
(221, 'abhigyan_floyd\r\n', 'KHCARD'),
(222, 'abhigyan_floyd\r\n', 'ANIRWO'),
(223, 'abhiheaven\r\n', 'COMAF03'),
(224, 'abhiheaven\r\n', 'COMAF04'),
(225, 'abhiheaven\r\n', 'COMAF01'),
(226, 'abhiheaven\r\n', 'COMAF02'),
(227, 'abhiheaven\r\n', 'COMAF05'),
(228, 'abhijeet010304\r\n', 'FFC219B'),
(229, 'abhijeet010304\r\n', 'FFC320E'),
(230, 'abhijeet40308\r\n', 'ALG4TS03'),
(231, 'abhijith\r\n', 'QCJ1'),
(232, 'abhijith\r\n', 'QCJ4'),
(233, 'abhijith\r\n', 'QCJ2'),
(234, 'abhijith\r\n', 'QCJ3'),
(235, 'abhijith\r\n', 'QCJ5'),
(236, 'abhijith\r\n', 'QCJ6'),
(237, 'abhijith\r\n', 'QUARK1'),
(238, 'abhijith\r\n', 'QUARK2'),
(239, 'abhijith\r\n', 'QUARK3'),
(240, 'abhijith\r\n', 'QUARK4'),
(241, 'abhikiran\r\n', 'C_T_P'),
(242, 'abhikiran\r\n', 'DEFUSE'),
(243, 'abhikiran\r\n', 'M_R'),
(244, 'abhikiran\r\n', 'GRST'),
(245, 'abhikiran\r\n', 'S_T_R'),
(246, 'abhikiran\r\n', 'HIPPO'),
(247, 'abhirajphadnis\r\n', 'TRATCK1'),
(248, 'abhirajphadnis\r\n', 'TRATCK2'),
(249, 'abhirajphadnis\r\n', 'TRATCK3'),
(250, 'abhirajphadnis\r\n', 'TRINDIA1'),
(251, 'abhirajphadnis\r\n', 'TRINDIA2'),
(252, 'abhirajphadnis\r\n', 'RIO1'),
(253, 'abhirajphadnis\r\n', 'RIO2'),
(254, 'abhirajphadnis\r\n', 'RIO3'),
(255, 'abhirajphadnis\r\n', 'MARVEL1'),
(256, 'abhirajphadnis\r\n', 'CDINX1'),
(257, 'abhiroop20\r\n', 'CDXM1'),
(258, 'abhiroop20\r\n', 'CDXM2'),
(259, 'abhiroop20\r\n', 'CDXM3'),
(260, 'abhiroop20\r\n', 'CDXM4'),
(261, 'abhirup02\r\n', 'COSA1'),
(262, 'abhirup02\r\n', 'COSA3'),
(263, 'abhirup02\r\n', 'COSA5'),
(264, 'abhirup02\r\n', 'COSA4'),
(265, 'abhirup02\r\n', 'COSA6'),
(266, 'abhishalya\r\n', 'SEASY'),
(267, 'abhishalya\r\n', 'EASYP'),
(268, 'abhishalya\r\n', 'AEASYP'),
(269, 'abhishek20113\r\n', 'CHEFREC'),
(270, 'abhishek20113\r\n', 'VSQ'),
(271, 'abhishek20113\r\n', 'VSQ2'),
(272, 'abhishek20113\r\n', 'VSQ3'),
(273, 'abhishek20113\r\n', 'CHEFTOUR'),
(274, 'abhishek20113\r\n', 'CHEFTRAV'),
(275, 'abhishek__2007\r\n', 'ECMAR20D'),
(276, 'abhishek__2007\r\n', 'ENCJMAY5'),
(277, 'abhishek_coder\r\n', 'DECA01'),
(278, 'abhishek_coder\r\n', 'DECA02'),
(279, 'abhishek_coder\r\n', 'DECA03'),
(280, 'abhishek_coder\r\n', 'DECA04'),
(281, 'abhishek_coder\r\n', 'DECA05'),
(282, 'abhist\r\n', 'WITBIT'),
(283, 'abhist\r\n', 'PRMGM'),
(284, 'abhist\r\n', 'GUEST05'),
(285, 'abhist\r\n', 'LIONS'),
(286, 'abhist\r\n', 'SAV01'),
(287, 'abhist\r\n', 'MRZRLT'),
(288, 'abhist\r\n', 'PSCD'),
(289, 'abhist\r\n', 'ABHIST'),
(290, 'abhiy13\r\n', 'ABHI01'),
(291, 'abhiy13\r\n', 'STRUPDN'),
(292, 'abhiy13\r\n', 'KNKAINT'),
(293, 'abhra73\r\n', 'CHEFEQ'),
(294, 'abhra73\r\n', 'CHEFLCM'),
(295, 'abhra73\r\n', 'CHEFRP'),
(296, 'abhra73\r\n', 'CHEFCK'),
(297, 'abhra73\r\n', 'RGAME'),
(298, 'abhra73\r\n', 'RNUM'),
(299, 'abhra73\r\n', 'ADMAG'),
(300, 'abhra73\r\n', 'ADTRI'),
(301, 'abi_7845\r\n', 'GT'),
(302, 'abi_7845\r\n', 'MS'),
(303, 'abi_7845\r\n', 'BF'),
(304, 'abi_7845\r\n', 'KG'),
(305, 'abi_7845\r\n', 'ASL'),
(306, 'abishekrapaka\r\n', 'AVG01'),
(307, 'abishekrapaka\r\n', 'AVG02'),
(308, 'abishekrapaka\r\n', 'AVG03'),
(309, 'abishekrapaka\r\n', 'AVG04'),
(310, 'abishekrapaka\r\n', 'AVG05'),
(311, 'abizerl123\r\n', 'BXDIST'),
(312, 'abizerl123\r\n', 'VARGAME'),
(313, 'abizerl123\r\n', 'ABIBST'),
(314, 'abizerl123\r\n', 'WANBASE'),
(315, 'abizerl123\r\n', 'GKYLOVE'),
(316, 'abizerl123\r\n', 'GRHARSH'),
(317, 'abizerl123\r\n', 'APNASTR'),
(318, 'abizerl123\r\n', 'BSTFUNC'),
(319, 'abizerl123\r\n', 'SPDF'),
(320, 'abizerl123\r\n', 'MXAVG'),
(321, 'abrezj\r\n', 'CDRL2'),
(322, 'abrezj\r\n', 'CDRL3'),
(323, 'abrezj\r\n', 'CDRL4'),
(324, 'abrezj\r\n', 'CDRL5'),
(325, 'abx_2109\r\n', 'NW1'),
(326, 'abx_2109\r\n', 'ABX01'),
(327, 'abx_2109\r\n', 'ABX02'),
(328, 'abx_2109\r\n', 'ABX03'),
(329, 'ac09\r\n', 'KBAT'),
(330, 'ac09\r\n', 'SAMFT'),
(331, 'ac09\r\n', 'TSCHD'),
(332, 'ac09\r\n', 'LSEQ'),
(333, 'accedia_1\r\n', 'ACC01'),
(334, 'accedia_1\r\n', 'ACC02'),
(335, 'accedia_1\r\n', 'ACC03'),
(336, 'accedia_1\r\n', 'ACC04'),
(337, 'accedia_1\r\n', 'ACC05'),
(338, 'accelmage\r\n', 'LNK1'),
(339, 'accelmage\r\n', 'TRN2'),
(340, 'accelmage\r\n', 'APL3'),
(341, 'accelmage\r\n', 'REV4'),
(342, 'accelmage\r\n', 'NUM5'),
(343, 'accelmage\r\n', 'RHT6'),
(344, 'accelmage\r\n', 'ADD7'),
(345, 'accelmage\r\n', 'DNGN'),
(346, 'accesss_denied\r\n\r\n', 'AD201'),
(347, 'accesss_denied\r\n\r\n', 'AD204'),
(348, 'accesss_denied\r\n\r\n', 'AD202'),
(349, 'accesss_denied\r\n\r\n', 'AD205'),
(350, 'accesss_denied\r\n\r\n', 'AD200'),
(351, 'accesss_denied\r\n\r\n', 'AD203'),
(352, 'acesprime', 'ANPB'),
(353, 'acesprime', 'CWB'),
(354, 'acesprime', 'DCKHNT'),
(355, 'acesprime', 'JKBMB'),
(356, 'acesprime', 'LRDFRNG'),
(357, 'acesprime', 'CVW'),
(358, 'acesprime', 'FRCH'),
(359, 'acesprime', 'VSTMPL'),
(360, 'acm-icpc\r\n', 'ACM14AM1'),
(361, 'acm-icpc\r\n', 'ACM14AM2'),
(362, 'acm-icpc\r\n', 'ACM14AM3'),
(363, 'acm-icpc\r\n', 'ACM14AM4'),
(364, 'acm-icpc\r\n', 'ACM14AM5'),
(365, 'acm-icpc\r\n', 'AMR16E'),
(366, 'acm-icpc\r\n', 'KGP16H'),
(367, 'acm-icpc\r\n', 'KGP16K'),
(368, 'acm-icpc\r\n', 'PACMAN'),
(369, 'acm15amr', 'AMBDAY'),
(370, 'acm15amr', 'AMCAM'),
(371, 'acm15amr', 'AMCAS'),
(372, 'acm15amr', 'AMCOP'),
(373, 'acm15amr', 'AMGIT'),
(374, 'acm15amr', 'AMLPALIN'),
(375, 'acm15amr', 'AMMAM'),
(376, 'acm15amr', 'AMSS'),
(377, 'acm15chn', 'CHN01'),
(378, 'acm15chn', 'CHN02'),
(379, 'acm15chn', 'CHN03'),
(380, 'acm15chn', 'CHN04'),
(381, 'acm15chn', 'CHN05'),
(382, 'acm15chn', 'CHN06'),
(383, 'acm15chn', 'CHN07'),
(384, 'acm15chn', 'CHN08'),
(385, 'acm15chn', 'CHN09'),
(386, 'acm15chn', 'CHN10'),
(387, 'acm15kol', 'KOL1501'),
(388, 'acm15kol', 'KOL1502'),
(389, 'acm15kol', 'KOL1503'),
(390, 'acm15kol', 'KOL1504'),
(391, 'acm15kol', 'KOL1505'),
(392, 'acm15kol', 'KOL1506'),
(393, 'acm15kol', 'KOL1507'),
(394, 'acm15kol', 'KOL1508'),
(395, 'acm15kol', 'KOL1509'),
(396, 'acm15kol', 'KOL1510'),
(397, 'acm16', 'KGP16A'),
(398, 'acm16', 'KGP16B'),
(399, 'acm16', 'KGP16C'),
(400, 'acm16', 'KGP16F'),
(401, 'acm16', 'KGP16K'),
(402, 'acm16kol', 'KGP16J'),
(403, 'acm16kol', 'KOL16A'),
(404, 'acm16kol', 'KOL16B'),
(405, 'acm16kol', 'KOL16C'),
(406, 'acm16kol', 'KOL16D'),
(407, 'acm16kol', 'KOL16E'),
(408, 'acm16kol', 'KOL16F'),
(409, 'acm16kol', 'KOL16G'),
(410, 'acm16kol', 'KOL16H'),
(411, 'acm16kol', 'KOL16I'),
(412, 'acm17chn', 'AREAFIGR'),
(413, 'acm17chn', 'BLREDSET'),
(414, 'acm17chn', 'CODIE'),
(415, 'acm17chn', 'DEFOREST'),
(416, 'acm17chn', 'ELHIDARR'),
(417, 'acm17chn', 'GOODBAD'),
(418, 'acm17chn', 'MANCBST'),
(419, 'acm17chn', 'MINSTR'),
(420, 'acm17chn', 'MRO'),
(421, 'acm17chn', 'OBEXPVAL'),
(422, 'acm17kgp', 'DISCAREA'),
(423, 'acm17kgp', 'GENPERM'),
(424, 'acm17kgp', 'NONOVSEG'),
(425, 'acm17kgp', 'NUMBGAME'),
(426, 'acm17kgp', 'SADQ'),
(427, 'acm17kgp', 'SCIENCEF'),
(428, 'acm17kgp', 'SPAMCLAS'),
(429, 'acm17kgp', 'SPANTREE'),
(430, 'acm17kgp', 'STRLBP'),
(431, 'acm17kgp', 'TAXITURN'),
(432, 'acmamr12', 'ATKCTR'),
(433, 'acmamr12', 'BALL'),
(434, 'acmamr12', 'CBLOCKS'),
(435, 'acmamr12', 'DQPERMS'),
(436, 'acmamr12', 'FINDHOLE'),
(437, 'acmamr12', 'FSSYNC'),
(438, 'acmamr12', 'LIGHTS'),
(439, 'acmamr12', 'MINMAX'),
(440, 'acmamr12', 'MSTRINGS'),
(441, 'acmamr12', 'PSTRINGS'),
(442, 'acmamr14', 'ACM14AM1'),
(443, 'acmamr14', 'ACM14AM2'),
(444, 'acmamr14', 'ACM14AM3'),
(445, 'acmamr14', 'ACM14AM4'),
(446, 'acmamr14', 'ACM14AM5'),
(447, 'acmamr15', 'AMR15A'),
(448, 'acmamr15', 'AMR15B'),
(449, 'acmamr15', 'AMR15C'),
(450, 'acmamr15', 'AMR15D'),
(451, 'acmamr15', 'AMR15E'),
(452, 'acmchn15', 'CHN15A'),
(453, 'acmchn15', 'CHN15B'),
(454, 'acmchn15', 'CHN15C'),
(455, 'acmchn15', 'CHN15D'),
(456, 'acmchn15', 'CHN15E'),
(457, 'acmchn15', 'CHN15F'),
(458, 'acmind17', 'COMPEXP'),
(459, 'acmind17', 'EQUALMOD'),
(460, 'acmind17', 'ORDTEAMS'),
(461, 'acmind17', 'STDDEV'),
(462, 'acmkan13', 'CARDINAL'),
(463, 'acmkan13', 'LINEPROB'),
(464, 'acmkan13', 'STANDUP'),
(465, 'acmkan13', 'STATUES'),
(466, 'acmkan14', 'ACM14KN1'),
(467, 'acmkan14', 'ACM14KN2'),
(468, 'acmkan14', 'ACM14KN3'),
(469, 'acmkan14', 'ACM14KN4'),
(470, 'acmkg14r', 'ACM14KG1'),
(471, 'acmkg14r', 'ACM14KG2'),
(472, 'acmkg14r', 'ACM14KG3'),
(473, 'acmkg14r', 'ACM14KG4'),
(474, 'acmkg14r', 'ACM14KG5'),
(475, 'acmkgp13', 'EDITLIST'),
(476, 'acmkgp13', 'JACKPOT'),
(477, 'acmkgp13', 'KTHPATH'),
(478, 'acmkgp13', 'SUBSTR'),
(479, 'acmkgp14', 'ACM14KP1'),
(480, 'acmkgp14', 'ACM14KP2'),
(481, 'acmkgp14', 'ACM14KP3'),
(482, 'acmkgp14', 'ACM14KP4'),
(483, 'acmkgp14', 'ACM14KP5'),
(484, 'acmkol15', 'KOL15A'),
(485, 'acmkol15', 'KOL15B'),
(486, 'acmkol15', 'KOL15C'),
(487, 'acmkol15', 'KOL15D'),
(488, 'acmkol15', 'KOL15E'),
(489, 'acses', 'LINSUB'),
(490, 'acses', 'SUYBOB'),
(491, 'acses', 'PUNBAN'),
(492, 'acses', 'LINNUM'),
(493, 'acses', 'LINCIR'),
(494, 'acses', 'LINBIT'),
(495, 'acses', 'HATFACT'),
(496, 'acses', 'LINPAL'),
(497, 'acses', 'LINQUE'),
(498, 'acses_2k18', 'BOC05'),
(499, 'acses_2k18', 'BOC04'),
(500, 'acses_2k18', 'BOC03'),
(501, 'acses_2k18', 'BOC00'),
(502, 'acses_2k18', 'BOC01'),
(503, 'activity-selection\r\n', 'SPECTAC'),
(504, 'activity-selection\r\n', 'SUBSEG2'),
(505, 'acyume', 'DGTCNT'),
(506, 'ad-hoc\r\n', 'ABABAABA'),
(507, 'ad-hoc\r\n', 'ABCSTR'),
(508, 'ad-hoc\r\n', 'ADASHOP'),
(509, 'ad-hoc\r\n', 'ADDMULT'),
(510, 'ad-hoc\r\n', 'ADIGIT'),
(511, 'ad-hoc\r\n', 'AFK'),
(512, 'ad-hoc\r\n', 'ALETHIO'),
(513, 'ad-hoc\r\n', 'AMBDAY'),
(514, 'ad-hoc\r\n', 'AMLPALIN'),
(515, 'ad-hoc\r\n', 'AMMEAT'),
(516, 'adarsh_sinhg', 'FROD'),
(517, 'adarshag', 'CHFDIV'),
(518, 'adarshag', 'CHFCHK'),
(519, 'adarshag', 'EXAMCHT'),
(520, 'addy_07', 'ARMYHELP'),
(521, 'addy_07', 'HALFBDAY'),
(522, 'addy_07', 'BINCOIN'),
(523, 'addy_07', 'CHEFJUMP'),
(524, 'addy_07', 'ZEP201'),
(525, 'addy_07', 'ZEP203'),
(526, 'adhyyan1252', 'LNGHW'),
(527, 'adhyyan1252', 'BRKTREE'),
(528, 'adhyyan1252', 'KFIB'),
(529, 'adhyyan1252', 'PARTCNT'),
(530, 'adhyyan1252', 'MEANARR'),
(531, 'adhyyan1252', 'DECUNI'),
(532, 'adhyyan1252', 'SPLTARR'),
(533, 'adi28galaxyak', 'CDVA1501'),
(534, 'adi28galaxyak', 'CDVA1502'),
(535, 'adi28galaxyak', 'CDVA1503'),
(536, 'adi28galaxyak', 'CDVA1504'),
(537, 'adi28galaxyak', 'CDVA1505'),
(538, 'adi28galaxyak', 'CDVS1506'),
(539, 'adi28galaxyak', 'CDVA1507'),
(540, 'adi28galaxyak', 'CDVA1508'),
(541, 'adi28galaxyak', 'CDVA1509'),
(542, 'adi28galaxyak', 'CDVA1510'),
(543, 'adiprogrammer', 'CFJA'),
(544, 'adiprogrammer', 'CFJB'),
(545, 'adiprogrammer', 'CFJC'),
(546, 'adiprogrammer', 'CFJD'),
(547, 'adiprogrammer', 'CFA'),
(548, 'adiprogrammer', 'CFB'),
(549, 'adiprogrammer', 'CFC'),
(550, 'adiprogrammer', 'CFCD'),
(551, 'adiprogrammer', 'CFE'),
(552, 'adiprogrammer', 'CFF'),
(553, 'adithya_ananth', 'SQUACUBE'),
(554, 'adithya_ananth', 'SPECNUMS'),
(555, 'adithya_ananth', 'DIGISUM'),
(556, 'adithya_ananth', 'SIMP'),
(557, 'adithya_ananth', 'BICEPS'),
(558, 'adithyav1511', 'STROCK'),
(559, 'adithyav1511', 'BDRYIIST'),
(560, 'adithyav1511', 'ROBINFW'),
(561, 'adithyav1511', 'SUBTWOPO'),
(562, 'aditya', 'GF'),
(563, 'aditya', 'XORCODE'),
(564, 'aditya', 'AES1'),
(565, 'aditya0903', 'RAGOOD'),
(566, 'aditya0903', 'TTEACH'),
(567, 'aditya0903', 'CKTFEV'),
(568, 'aditya0903', 'SURFRN'),
(569, 'aditya0903', 'PALHAPPY'),
(570, 'aditya0903', 'NGTBIT'),
(571, 'aditya10_', 'ENG5'),
(572, 'aditya10_', 'SUMNCR'),
(573, 'aditya10_', 'DIFFSTR'),
(574, 'aditya10_', 'MXSUBSQ'),
(575, 'aditya10_', 'MICST'),
(576, 'aditya1495', 'TREEPAL'),
(577, 'aditya2799', 'BATHILL'),
(578, 'aditya2799', 'DES'),
(579, 'aditya2799', 'VIGROW'),
(580, 'aditya2799', 'PFORK'),
(581, 'aditya2799', 'DPTINF'),
(582, 'aditya2799', 'EMAIL'),
(583, 'aditya2799', 'DIRMAN'),
(584, 'aditya2799', 'SMG'),
(585, 'aditya2799', 'MTMS'),
(586, 'aditya999123', 'ABOOK'),
(587, 'aditya999123', 'AMEET'),
(588, 'aditya999123', 'DIFF'),
(589, 'aditya999123', 'CLASS'),
(590, 'aditya999123', 'HSP'),
(591, 'aditya999123', 'ACEBIT'),
(592, 'aditya999123', 'CNES31'),
(593, 'aditya999123', 'CNES32'),
(594, 'aditya999123', 'CNES36'),
(595, 'adityaa30', 'CC10441'),
(596, 'adityaa30', 'CC10442'),
(597, 'adityaa30', 'CC10443'),
(598, 'adityaa30', 'CC10444'),
(599, 'adityaa30', 'CC10445'),
(600, 'adityaa30', 'CC10446'),
(601, 'adityad1998', 'CHEFING'),
(602, 'adityad1998', 'CHNUM'),
(603, 'adityafacitoo', 'RANK23C'),
(604, 'adityafacitoo', 'FACMLN'),
(605, 'adityafacitoo', 'FACBRIDG'),
(606, 'adityafacitoo', 'FAC0707'),
(607, 'adityarohan14', 'APR101'),
(608, 'adityarohan14', 'APR102'),
(609, 'adityarohan14', 'APR103'),
(610, 'adityarohan14', 'APR104'),
(611, 'adityarohan14', 'APR105'),
(612, 'adityarohan14', 'APR106'),
(613, 'adkroxx', 'XORTREEH'),
(614, 'adlet_zeineken', 'CHEFWORK'),
(615, 'adlet_zeineken', 'NAICHEF'),
(616, 'admin2', 'IITK1P10'),
(617, 'admin2', 'IITK1P04'),
(618, 'admin2', 'IITK1P01'),
(619, 'admin2', 'IITK1P02'),
(620, 'admin2', 'IITK1P03'),
(621, 'admin2', 'IITK1P05'),
(622, 'admin2', 'IITK1P06'),
(623, 'admin2', 'IITK1P07'),
(624, 'admin2', 'IITK1P08'),
(625, 'admin2', 'IITK1P09'),
(626, 'admin3', 'KGP14A'),
(627, 'admin3', 'KGP14B'),
(628, 'admin3', 'KGP14C'),
(629, 'admin3', 'KGP14D'),
(630, 'admin3', 'KGP14E'),
(631, 'admin3', 'KGP14F'),
(632, 'admin3', 'KGP14G'),
(633, 'admin3', 'KGP14H'),
(634, 'admin3', 'KGP14I'),
(635, 'admin3', 'KGP14J'),
(636, 'admin5', 'MCHN'),
(637, 'admin5', 'CLCTN'),
(638, 'admin5', 'PESTS'),
(639, 'admin5', 'MMRY'),
(640, 'admin5', 'CHEFK1'),
(641, 'admin6', 'CCG'),
(642, 'admin6', 'CAMT'),
(643, 'admin6', 'CAI0'),
(644, 'admin7', 'DARY'),
(645, 'aekd_adm', 'FN'),
(646, 'aert', 'AERTS'),
(647, 'aert', 'FFC219G'),
(648, 'aert', 'CENS20F'),
(649, 'agarwalaayush', 'PRLIN'),
(650, 'agarwalaayush', 'SPOOKY'),
(651, 'agarwalaayush', 'PRIMPAL'),
(652, 'agarwalaayush', 'TRIDIM'),
(653, 'agarwalaayush', 'SNAKE'),
(654, 'agent_123', 'MAT1'),
(655, 'agent_123', 'SUM1'),
(656, 'ahmad_salah', 'PRT'),
(657, 'ahmad_salah', 'PRT2'),
(658, 'ahnonymous007', 'CT0101'),
(659, 'ahnonymous007', 'STAYHOME'),
(660, 'ahnonymous007', 'CT1D01'),
(661, 'ahnonymous007', 'TGWK'),
(662, 'ahnonymous007', 'HYDRATE'),
(663, 'ahnonymous007', 'CT1E4'),
(664, 'ahnonymous007', 'INFCANDY'),
(665, 'ahnonymous007', 'UNQPRM'),
(666, 'ahnonymous007', 'G4OR0'),
(667, 'ahnonymous007', 'CBPATH'),
(668, 'aho-corasick', 'FAVNUM'),
(669, 'aho-corasick', 'LYRC'),
(670, 'aho-corasick', 'QMARKS'),
(671, 'aho-corasick', 'TWOSTRS'),
(672, 'aichemzee', 'XAIR'),
(673, 'aichemzee', 'XLIFE'),
(674, 'aichemzee', 'MPROB'),
(675, 'aichemzee', 'MPAIR'),
(676, 'aichemzee', 'BANPS'),
(677, 'aimon123', 'PASSHACK'),
(678, 'aimon123', 'MATHCHEF'),
(679, 'aimon123', 'POINT'),
(680, 'aimon123', 'STRING'),
(681, 'aitamsac', 'AS01'),
(682, 'aitamsac', 'AS02'),
(683, 'aitamsac', 'AS04'),
(684, 'aitamsac', 'AS05'),
(685, 'aitamsac', 'AS06'),
(686, 'ajay1999', 'MINIGAME'),
(687, 'ajaybgunjal199', 'CF1901'),
(688, 'ajaybgunjal199', 'CF1902'),
(689, 'ajaybgunjal199', 'CF1903'),
(690, 'ajaybgunjal199', 'CF1904'),
(691, 'ajaybgunjal199', 'CF1905'),
(692, 'ajaybgunjal199', 'CF1906'),
(693, 'ajaybgunjal199', 'CF1907'),
(694, 'ajaybgunjal199', 'CF1911'),
(695, 'ajaybgunjal199', 'CF1914'),
(696, 'ajaybgunjal199', 'CF1915'),
(697, 'ajitesh14', 'ST201'),
(698, 'ajitesh14', 'ST202'),
(699, 'ajitesh14', 'ST203'),
(700, 'ajitesh14', 'ST204'),
(701, 'ajitesh14', 'ST205'),
(702, 'ajitesh14', 'ST206'),
(703, 'ajitesh14', 'ST207'),
(704, 'ajitesh14', 'ST208'),
(705, 'ajitesh14', 'CD101'),
(706, 'ajitesh14', 'CD202'),
(707, 'ajkrish95', 'AMCS02'),
(708, 'ajkrish95', 'AMCS04'),
(709, 'ajkrish95', 'AMCS05'),
(710, 'ajkrish95', 'AMCS06'),
(711, 'ajusi', 'TSC05'),
(712, 'ajusi', 'TSC04'),
(713, 'ajusi', 'TSC03'),
(714, 'ajusi', 'TSC01'),
(715, 'ajusi', 'TSC02'),
(716, 'ajusi', 'EXCG1801'),
(717, 'ajusi', 'EXCG1804'),
(718, 'ajusi', 'EXCG1806'),
(719, 'ajusi', 'EXCG1802'),
(720, 'ajusi', 'EXCG1803'),
(721, 'ak9315', 'GKLDPRCT'),
(722, 'akarun', 'ISC007'),
(723, 'akarun', 'RE01'),
(724, 'akarun', 'RE02'),
(725, 'akarun', 'RE03'),
(726, 'akarun', 'RE04'),
(727, 'akarun', 'RE05'),
(728, 'akarun', 'BYHT01'),
(729, 'akarun', 'BYHT02'),
(730, 'akarun', 'BYHT04'),
(731, 'akash1rakshit', 'COMAPR04'),
(732, 'akash1rakshit', 'COMAPR02'),
(733, 'akash4983', 'AMCAS'),
(734, 'akash4983', 'AMJMP'),
(735, 'akash4983', 'AMMAM'),
(736, 'akash4983', 'GAMOFNUM'),
(737, 'akash_adm', 'ZCOPREP'),
(738, 'akash_adm', 'MODEFREQ'),
(739, 'akash_adm', 'ELOMAX'),
(740, 'akash_adm', 'CVDRUN'),
(741, 'akashbhalotia', 'CHEFRECP'),
(742, 'akashbhalotia', 'CHEFSHIP'),
(743, 'akashbhalotia', 'CHEFSQUD'),
(744, 'akashbhalotia', 'CHEFTRIP'),
(745, 'akashbhalotia', 'CHFDIV'),
(746, 'akashbhalotia', 'CHFIMPRS'),
(747, 'akashbhalotia', 'CROADS'),
(748, 'akashbhalotia', 'CURSQURS'),
(749, 'akashbhalotia', 'CYCLCSUM'),
(750, 'akashbhalotia', 'ELOMAX'),
(751, 'akashdeep_uiet', 'COEX01'),
(752, 'akashdeep_uiet', 'COEX02'),
(753, 'akashdeep_uiet', 'COEX03'),
(754, 'akashdeep_uiet', 'COEX05'),
(755, 'akashdeep_uiet', 'COEX04'),
(756, 'akashdeep_uiet', 'COEX06'),
(757, 'akashdeep_uiet', 'CDTX01'),
(758, 'akashdeep_uiet', 'CDTX02'),
(759, 'akashdeep_uiet', 'CDTX03'),
(760, 'akashdeep_uiet', 'CDTX04'),
(761, 'akashpatil219', 'NCC1806'),
(762, 'akashpatil219', 'NCC1801'),
(763, 'akashpatil219', 'NCC1803'),
(764, 'akashpatil219', 'NCC1805'),
(765, 'akashpatil219', 'NCC1802'),
(766, 'akashpatil219', 'NCC1804'),
(767, 'akashpatil219', 'NCC1807'),
(768, 'akashpatil219', 'PRWR1902'),
(769, 'akashpatil219', 'PRWR1903'),
(770, 'akashpatil219', 'PRWR1904'),
(771, 'akashratan', 'CDS1'),
(772, 'akashratan', 'CDS2'),
(773, 'akashratan', 'CDS3'),
(774, 'akashratan', 'CDS5'),
(775, 'akashsingh3031', 'SIRTS001'),
(776, 'akashsingh3031', 'SIRTS002'),
(777, 'akashsingh3031', 'SIRTS003'),
(778, 'akashsingh3031', 'SIRTS004'),
(779, 'akasian_1998', 'BINARR'),
(780, 'akay_99', 'ENOC3'),
(781, 'akay_99', 'ECJAN20C'),
(782, 'akay_99', 'ECJAN20D'),
(783, 'akay_99', 'ECMAR20F'),
(784, 'akay_99', 'COW202'),
(785, 'akay_99', 'COW204'),
(786, 'akay_99', 'ECAPR203'),
(787, 'akay_99', 'ENCJMAY1'),
(788, 'akay_99', 'ECJN201'),
(789, 'akay_99', 'ECJN206'),
(790, 'akhiay54', 'CGMN1'),
(791, 'akhil62', 'ESYYSE'),
(792, 'akhil62', 'FACT25'),
(793, 'akhil62', 'MATHS'),
(794, 'akhil62', 'DISPLAY'),
(795, 'akhil62', 'PALIND'),
(796, 'akhil62', 'HELPND'),
(797, 'akhil62', 'LUCKYR'),
(798, 'akhil62', 'EXORO'),
(799, 'akhil62', 'SHORTCUT'),
(800, 'akhil62', 'REVER'),
(801, 'akil_av17', 'WCSA'),
(802, 'akil_av17', 'WCSB'),
(803, 'akil_av17', 'WCSC'),
(804, 'akil_av17', 'WCSE'),
(805, 'akil_av17', 'MAGICJAR'),
(806, 'akil_av17', 'WCSD'),
(807, 'akil_av17', 'WCSF'),
(808, 'akil_av17', 'WEIRDO'),
(809, 'akku_bigasia', 'HBB'),
(810, 'akku_bigasia', 'TINT'),
(811, 'akku_bigasia', 'CCFY'),
(812, 'akku_bigasia', 'STD'),
(813, 'akriiit2017', 'PPPROB'),
(814, 'akriiit2017', 'ASTPROB'),
(815, 'akriiit2017', 'STKZD484'),
(816, 'akriiit2017', 'CRLMSK39'),
(817, 'akriiit2017', 'TEPRPROB'),
(818, 'akshaj', 'CF1'),
(819, 'akshaj', 'CF2'),
(820, 'akshaj', 'CF3'),
(821, 'akshaj', 'CF4'),
(822, 'akshaj', 'CF5'),
(823, 'akshaj', 'CF6'),
(824, 'akshaj', 'CF7'),
(825, 'akshaj', 'LNO'),
(826, 'akshaj', 'LPE'),
(827, 'akshaj', 'DDD'),
(828, 'akshatgirdhar8', 'VEGETA'),
(829, 'akshatgirdhar8', 'BEERUS'),
(830, 'akshatjain2209', 'REVENG02'),
(831, 'akshatjain2209', 'REVENG01'),
(832, 'akshatjain2209', 'REVENG03'),
(833, 'akshatjain2209', 'REVENG04'),
(834, 'akshatjain2209', 'REVENG05'),
(835, 'akshatjain2209', 'CDIT00'),
(836, 'akshatjain2209', 'CDIT01'),
(837, 'akshatjain2209', 'CDIT02'),
(838, 'akshatjain2209', 'CDIT03'),
(839, 'akshatjain2209', 'CDIT04'),
(840, 'akshay125', 'BUENO'),
(841, 'akshay125', 'SOLCOM'),
(842, 'akshay_07cf', 'PBLCT'),
(843, 'akshay_07cf', 'FRINUM'),
(844, 'akshay_07cf', 'CHOCOPRO'),
(845, 'akshay_07cf', 'PLYBETS'),
(846, 'akshay_07cf', 'TSHACK'),
(847, 'akshay_294', 'BAKPOK'),
(848, 'akshay_294', 'PATCRA'),
(849, 'akshay_294', 'DRAMIS'),
(850, 'akshay_294', 'BULEXP'),
(851, 'akshayakgec', 'ALGY1'),
(852, 'akshayakgec', 'ODDCNT'),
(853, 'akshayakgec', 'CNTFCT'),
(854, 'akshayakgec', 'DGISM'),
(855, 'akshayakgec', 'PRFSM'),
(856, 'akshayakgec', 'PRMNM'),
(857, 'akshayakgec', 'DIVARR'),
(858, 'akshayakgec', 'CHKPRM'),
(859, 'akshayakgec', 'BGFACT'),
(860, 'akshayakgec', 'UNQCH'),
(861, 'akshaykolte_17', 'INC1'),
(862, 'akshaykolte_17', 'INC2'),
(863, 'akshaykolte_17', 'INC3'),
(864, 'akshaykolte_17', 'INC4'),
(865, 'akshaykolte_17', 'INC5'),
(866, 'akshayrajp', 'STAYORGO'),
(867, 'akshayrajp', 'CIFER'),
(868, 'akshayrajp', 'STRMATCH'),
(869, 'akshayrajp', 'ROADBLOC'),
(870, 'akshayrajp', 'SUMOFPRM'),
(871, 'akshayrajp', 'ACCOUNTS'),
(872, 'akshayrajp', 'REGISTER'),
(873, 'akshayrajp', 'RANKKK'),
(874, 'akshayrajp', 'ENCRYPAL'),
(875, 'akshayrajp', 'BOXMAN'),
(876, 'akshayvenkat97', 'MITSCP1'),
(877, 'akshayvenkat97', 'MITSCP2'),
(878, 'akshayvenkat97', 'MITSCP3'),
(879, 'akshayvenkat97', 'MITSCP4'),
(880, 'akshayvenkat97', 'MITSCP5'),
(881, 'akshayvenkat97', 'MITSCP6'),
(882, 'akshayvenkat97', 'MITSCP7'),
(883, 'akshayvenkat97', 'MITSCP8'),
(884, 'akshayvenkat97', 'MITSCP9'),
(885, 'akshayvenkat97', 'MITSCP10'),
(886, 'akulsareen', 'SATA09'),
(887, 'akulsareen', 'SATA05'),
(888, 'akulsareen', 'SATA07'),
(889, 'akulsareen', 'SATA04'),
(890, 'akulsareen', 'SATA11'),
(891, 'akulsareen', 'SATA03'),
(892, 'akulsareen', 'SATA01'),
(893, 'alankar_mali', 'ALEW03'),
(894, 'alankar_mali', 'ALEW04'),
(895, 'alankar_mali', 'ALEW05'),
(896, 'alankar_mali', 'ALET02'),
(897, 'alankar_mali', 'ALET01'),
(898, 'alankar_mali', 'ALET03'),
(899, 'alankar_mali', 'ALET04'),
(900, 'alankar_mali', 'ALET05'),
(901, 'alankar_mali', 'ALE04'),
(902, 'alankar_mali', 'ALET06'),
(903, 'albatross____', 'STC4AB'),
(904, 'alcatraz24', 'BANK123'),
(905, 'alcatraz24', 'MONICA12'),
(906, 'alcatraz24', 'YASHTRIP'),
(907, 'alcatraz24', 'YLSPRM'),
(908, 'alcatraz24', 'SBARR'),
(909, 'alcatraz24', 'LEXIY'),
(910, 'aleex', 'CHDIGER'),
(911, 'alei', 'ADACRA'),
(912, 'alei', 'ALICE'),
(913, 'alei', 'TWEED'),
(914, 'alei', 'MADHAT'),
(915, 'alei', 'MCKTUR'),
(916, 'alei', 'QUEHEA'),
(917, 'alei', 'KNICOV'),
(918, 'alei', 'ADADET'),
(919, 'alei', 'SNACKUP'),
(920, 'alei', 'CENTREE'),
(921, 'alex77', 'AMAEXPER'),
(922, 'alex_2oo8', 'XRMTRX'),
(923, 'alex_2oo8', 'WRDSUM'),
(924, 'alex_2oo8', 'POWSUMS'),
(925, 'alex_2oo8', 'DIGITLIS'),
(926, 'alex_2oo8', 'XRGRD'),
(927, 'alex_2oo8', 'MTRNSFRM'),
(928, 'alex_2oo8', 'FAVGAME'),
(929, 'alex_2oo8', 'OAK'),
(930, 'alex_2oo8', 'LISDIGIT'),
(931, 'alex_2oo8', 'UNGAME'),
(932, 'alexey_adm', 'MAXLIS'),
(933, 'alexey_adm', 'S10E'),
(934, 'alexey_adm', 'CNNCT2'),
(935, 'alexmathew', 'IT1'),
(936, 'alexmathew', 'IT2'),
(937, 'alexmathew', 'IT3'),
(938, 'alexmathew', 'IT4'),
(939, 'alexmathew', 'IT5'),
(940, 'alexmathew', 'IT6'),
(941, 'alexvaleanu', 'SBTR'),
(942, 'alexvaleanu', 'GPD'),
(943, 'alexvaleanu', 'SRVRS'),
(944, 'alexvaleanu', 'MATDW'),
(945, 'alexvaleanu', 'MATDYS'),
(946, 'alexvaleanu', 'MATPAN'),
(947, 'alexvaleanu', 'MATTEG'),
(948, 'alexvaleanu', 'MATCUT'),
(949, 'algebra', 'BIPPAIR'),
(950, 'algebra', 'CHSPARR'),
(951, 'algebra', 'CSTREE'),
(952, 'algebra', 'DOTTIME'),
(953, 'algebra', 'PRECPAIR'),
(954, 'algo1601', 'DIV'),
(955, 'algo1601', 'HEX'),
(956, 'algofuzz', 'ALFZ01'),
(957, 'algofuzz', 'ALFZ02'),
(958, 'algofuzz', 'FRSTDATE'),
(959, 'algofuzz', 'ALFZ03'),
(960, 'algofuzz', 'ALFZ05'),
(961, 'algofuzz', 'ALFZ07'),
(962, 'algofuzz', 'ALFZ06'),
(963, 'algofuzz', 'ALFZ08'),
(964, 'algophobic', 'AVGSCORE'),
(965, 'algophobic', 'CNTMTX'),
(966, 'algophobic', 'MAXPER'),
(967, 'algophobic', 'YUVRAJ'),
(968, 'algorithm', 'BHARAT'),
(969, 'algorithm', 'CHRIST02'),
(970, 'algorithm', 'EXOCODE3'),
(971, 'algorithm', 'FXSEQ'),
(972, 'algorithm', 'HTREE'),
(973, 'algorithm', 'LAXMAN'),
(974, 'algorithm', 'LETCNT'),
(975, 'algorithm', 'RAAVANCH'),
(976, 'algorithm', 'RPOWER'),
(977, 'algorithm', 'SNAR'),
(978, 'aliencoder_07', 'SIPM'),
(979, 'aliencoder_07', 'ZRACE'),
(980, 'aliencoder_07', 'RGSPY'),
(981, 'allllekssssa', 'SAFPAR'),
(982, 'allllekssssa', 'INMAT'),
(983, 'allllekssssa', 'GUZAC'),
(984, 'allllekssssa', 'MIXGA'),
(985, 'allllekssssa', 'HACKFU'),
(986, 'allllekssssa', 'NQNF'),
(987, 'allllekssssa', 'STTT'),
(988, 'allllekssssa', 'BFTT'),
(989, 'allllekssssa', 'JAGAM'),
(990, 'allllekssssa', 'XTGR'),
(991, 'alohomora', 'ALORA1'),
(992, 'alohomora', 'ALORA3'),
(993, 'alohomora', 'ALORA4'),
(994, 'alohomora', 'ALORA5'),
(995, 'alohomora', 'ALORA6'),
(996, 'alohomora', 'ALORA7'),
(997, 'aloochaat1998', 'HELPVOLD'),
(998, 'aloochaat1998', 'HEDWIG'),
(999, 'aloochaat1998', 'ROOMOFRM'),
(1000, 'alph2016', 'AVGSCORE'),
(1001, 'alph2016', 'CNTMTX'),
(1002, 'alph2016', 'MAXPER'),
(1003, 'alph2016', 'YUVRAJ'),
(1004, 'alphastar', 'SWTSHOP'),
(1005, 'alphastar', 'CEOQR'),
(1006, 'alphastar', 'CHEFSEAT'),
(1007, 'alphastar', 'CHEFCOIN'),
(1008, 'alphastar', 'PRMQR'),
(1009, 'alphastar', 'CMPLAB'),
(1010, 'alphatron99', 'CUPGAME'),
(1011, 'alphatron99', 'NEWS'),
(1012, 'alphatron99', 'CAKEWALK'),
(1013, 'alphatron99', 'GOD'),
(1014, 'alphatron99', 'BORED'),
(1015, 'alphatron99', 'BTCRUSH'),
(1016, 'alphatron99', 'CHCODE'),
(1017, 'alphatron99', 'TPRIME'),
(1018, 'alphatron99', 'CHEFDATA'),
(1019, 'alphatron99', 'MGMTX'),
(1020, 'alra2020', 'ALR20B'),
(1021, 'alra2020', 'ALR20C'),
(1022, 'alra2020', 'ALR20D'),
(1023, 'alra2020', 'ALR20E'),
(1024, 'alra2020', 'ALR20F'),
(1025, 'alra2020', 'ALRA20A'),
(1026, 'altruist_', 'WALKBT'),
(1027, 'altruist_', 'SHTARR'),
(1028, 'altruist_', 'SEGPROD'),
(1029, 'altruist_', 'EDGEST'),
(1030, 'altruist_', 'TWOVSTEN'),
(1031, 'altruist_', 'GCDDIV'),
(1032, 'altruist_', 'TREE3'),
(1033, 'altruist_', 'NPORP'),
(1034, 'altruist_', 'FFT'),
(1035, 'altruist_', 'MAXDTREE'),
(1036, 'alzp2016', 'ALG1701'),
(1037, 'alzp2016', 'ALG1705'),
(1038, 'alzr2016', 'CAG'),
(1039, 'alzr2016', 'MRS'),
(1040, 'alzr2016', 'RAP'),
(1041, 'aman1108', 'COCR106'),
(1042, 'aman1108', 'SOLDVAL'),
(1043, 'aman1108', 'EOOPR'),
(1044, 'aman8050', 'KSQ'),
(1045, 'aman8050', 'CABQ'),
(1046, 'aman8050', 'GMQ'),
(1047, 'aman8050', 'MAPQ'),
(1048, 'aman8050', 'SSQ'),
(1049, 'aman871988', 'CRAFT01'),
(1050, 'aman871988', 'CRAFT02'),
(1051, 'aman871988', 'CRAFT03'),
(1052, 'aman871988', 'CRAFT04'),
(1053, 'aman871988', 'CRAFT05'),
(1054, 'aman_58472', 'GOLDMINE'),
(1055, 'aman_58472', 'GRAPHCOL'),
(1056, 'aman_58472', 'PRINCP_A'),
(1057, 'aman_58472', 'PRINCP_B'),
(1058, 'aman_58472', 'PRINCP_C'),
(1059, 'aman_58472', 'PRINCP_D'),
(1060, 'aman_58472', 'PRINCP_E'),
(1061, 'aman_58472', 'PRINCP_F'),
(1062, 'aman_58472', 'PRINCP_G'),
(1063, 'aman_58472', 'PRINCP_H'),
(1064, 'aman_robotics', 'TREEDGE'),
(1065, 'aman_robotics', 'INTRPATH'),
(1066, 'aman_robotics', 'CDSTRING'),
(1067, 'aman_robotics', 'CDDIGITS'),
(1068, 'aman_robotics', 'CLUNQUE'),
(1069, 'amandeep224', 'TREEQRY'),
(1070, 'amandeep224', 'COOLHP'),
(1071, 'amandeep224', 'SHOPP'),
(1072, 'amandeep224', 'FMATCH'),
(1073, 'amandeep224', 'DHOKHA'),
(1074, 'amandeep224', 'RODS'),
(1075, 'amanjain15', 'ACEDSS'),
(1076, 'amanmittal', 'INSQ15_A'),
(1077, 'amanmittal', 'INSQ15_E'),
(1078, 'amanmittal', 'INSQ15_H'),
(1079, 'amanmittal', 'INSQ15_D'),
(1080, 'amanmittal', 'INSQ15_B'),
(1081, 'amanmittal', 'INSQ15_C'),
(1082, 'amanmittal', 'INSQ15_G'),
(1083, 'amanmittal', 'INSQ15_F'),
(1084, 'amarentheran', 'COCRMR01'),
(1085, 'amarentheran', 'COCRMR02'),
(1086, 'amarentheran', 'COCRMR03'),
(1087, 'amarentheran', 'COCRMR04'),
(1088, 'amarentheran', 'COCRMR05'),
(1089, 'amarentheran', 'COCRMR06'),
(1090, 'amarentheran', 'COMR01'),
(1091, 'amarentheran', 'COMR02'),
(1092, 'amarentheran', 'COMR03'),
(1093, 'amarentheran', 'COMR04'),
(1094, 'amazingrainbow', 'SND18TPP'),
(1095, 'amazingrainbow', 'SANDTIC'),
(1096, 'amazingrainbow', 'SANDARY'),
(1097, 'amazingrainbow', 'SAND7'),
(1098, 'amazingrainbow', 'SANDSHOP'),
(1099, 'ambarpal', 'PRCNSR2'),
(1100, 'ambarpal', 'PRCNSR3'),
(1101, 'ambarpal', 'PRCNSR1'),
(1102, 'ambarpal', 'PRCNSR4'),
(1103, 'ambarpal', 'PRCNSR5'),
(1104, 'ambarpal', 'PRCNSR6'),
(1105, 'ambivertsam', 'AAVI201'),
(1106, 'ambivertsam', 'AAVI202'),
(1107, 'ambivertsam', 'AAVI203'),
(1108, 'ambivertsam', 'AAVI204'),
(1109, 'ambivertsam', 'AAVI205'),
(1110, 'ambivertsam', 'AAVI206'),
(1111, 'amit_dwivedi', 'DYNAMO'),
(1112, 'amit_yadav0', 'SPAR2'),
(1113, 'amit_yadav0', 'CDRN06'),
(1114, 'amitesh1999', 'PRMHOLE'),
(1115, 'amitesh1999', 'RBOW'),
(1116, 'amitesh1999', 'ROGUESTR'),
(1117, 'amitesh1999', 'BITTOUR'),
(1118, 'amitesh1999', 'DBLDATE'),
(1119, 'amitpandeykgp', 'SVEARTH'),
(1120, 'amitpandeykgp', 'GNUMBER'),
(1121, 'amitpandeykgp', 'BSCOUT'),
(1122, 'amitpandeykgp', 'CHOCOAL'),
(1123, 'amitpandeykgp', 'ALIENC'),
(1124, 'amitpandeykgp', 'SETDIFF'),
(1125, 'amitpandeykgp', 'MOREFB'),
(1126, 'amitpandeykgp', 'DEVUGRAP'),
(1127, 'amitpandeykgp', 'MAXMATCH'),
(1128, 'amitpandeykgp', 'MDIST'),
(1129, 'amitrc17', 'REN2013A'),
(1130, 'amitrc17', 'REN2013B'),
(1131, 'amitrc17', 'REN2013C'),
(1132, 'amitrc17', 'REN2013D'),
(1133, 'amitrc17', 'REN2013E'),
(1134, 'amitrc17', 'REN2013F'),
(1135, 'amitrc17', 'REN2013G'),
(1136, 'amitrc17', 'REN2013I'),
(1137, 'amitrc17', 'REN2013J'),
(1138, 'amitrc17', 'REN2013K'),
(1139, 'amittodkar', 'R1PR1'),
(1140, 'amittodkar', 'R1PR2'),
(1141, 'amitujha101', 'KCODE'),
(1142, 'amitujha101', 'SSET'),
(1143, 'amitujha101', 'BBAD'),
(1144, 'amitujha101', 'DSUB'),
(1145, 'amitujha101', 'CSTU'),
(1146, 'amitujha101', 'ELEAF'),
(1147, 'ammitkumar', 'ICCC1'),
(1148, 'ammitkumar', 'ICCC2'),
(1149, 'ammitkumar', 'ICCC4'),
(1150, 'ammitkumar', 'ICCC5'),
(1151, 'ammitkumar', 'ICCC3'),
(1152, 'ammitkumar', 'ICCC6'),
(1153, 'amoghaithal', 'MACHINE'),
(1154, 'amoghaithal', 'CUTLP'),
(1155, 'amoghaithal', 'LVLSUM'),
(1156, 'amoghaithal', 'GPLP'),
(1157, 'amoghaithal', 'GPLCHL'),
(1158, 'amoghaithal', 'GPLSON'),
(1159, 'amolambkar', 'CODE_00'),
(1160, 'amolambkar', 'CODE_01'),
(1161, 'amolambkar', 'CODE_02'),
(1162, 'amolambkar', 'CODE_03'),
(1163, 'amolambkar', 'CODE_04'),
(1164, 'amortized-analysis', 'CMX1P01'),
(1165, 'amortized-analysis', 'FUZZYADD'),
(1166, 'amortized-analysis', 'MININS'),
(1167, 'amortized-analysis', 'PTREE'),
(1168, 'amortized-analysis', 'WEIRD2'),
(1169, 'amr14ros', 'AMR14B'),
(1170, 'amr14ros', 'AMR14C'),
(1171, 'amr14ros', 'AMR14D'),
(1172, 'amr14ros', 'AMR14E'),
(1173, 'amr14ros', 'AMR14F'),
(1174, 'amr14ros', 'AMR14H'),
(1175, 'amr14ros', 'AMR14I'),
(1176, 'amr14ros', 'AMR14J'),
(1177, 'amr16', 'AMR16C'),
(1178, 'amr16', 'AMR16F'),
(1179, 'amr16', 'AMR16H'),
(1180, 'amr16', 'AMR16I'),
(1181, 'amr16', 'AMR16J'),
(1182, 'amr16mos', 'AMR16I'),
(1183, 'amritapuri', 'AMR16E'),
(1184, 'amrmahmoud', 'CIRCLEQ'),
(1186, 'an261998', 'CODEY401'),
(1187, 'an261998', 'CODEY402'),
(1188, 'an261998', 'CODEY403'),
(1189, 'an261998', 'CODEY405'),
(1190, 'an261998', 'CODEY406'),
(1191, 'anachor', 'GCDSET'),
(1192, 'anachor', 'EXPXOR'),
(1193, 'anachor', 'RECVSEQ'),
(1194, 'anachor', 'COLORDIS'),
(1195, 'anagram', 'CMX1P03'),
(1196, 'anamjigar', 'KCPROG1'),
(1197, 'anamjigar', 'KCPROG2'),
(1198, 'anamjigar', 'KCPROG3'),
(1199, 'anamjigar', 'KCPROG4'),
(1200, 'anamjigar', 'KCPROG5'),
(1201, 'anand20', 'CHEFINSQ'),
(1202, 'anand20', 'CHEFK1'),
(1203, 'anand20', 'DODGERS'),
(1204, 'anand20', 'DOOFST'),
(1205, 'anand20', 'EXPGCD'),
(1206, 'anand20', 'FIBEASY'),
(1207, 'anand20', 'FUZZYLIN'),
(1208, 'anand20', 'GDSUB'),
(1209, 'anand20', 'LAPD'),
(1210, 'anand20', 'PSUM'),
(1211, 'anant_1234', 'BEGEVY'),
(1212, 'anant_1234', 'TINBIT'),
(1213, 'anant_1234', 'BRUET'),
(1214, 'anant_1234', 'CLSRE'),
(1215, 'anant_1234', 'ELNIR'),
(1216, 'anant_1234', 'FEARNG'),
(1217, 'anant_1234', 'GMPLAY'),
(1218, 'anant_infinity', 'C3PRB1'),
(1219, 'anant_infinity', 'C3PRB2'),
(1220, 'anant_infinity', 'C3PBR3'),
(1221, 'anas_m0hammad', 'ENCO1'),
(1222, 'anas_m0hammad', 'ENCO2'),
(1223, 'anas_m0hammad', 'ENCO3'),
(1224, 'anas_m0hammad', 'ENCO4'),
(1225, 'anas_m0hammad', 'ENCO5'),
(1226, 'anas_m0hammad', 'ENCO80'),
(1227, 'anay07', 'SIMGAM'),
(1228, 'ancestors', 'KOL1503'),
(1229, 'anchal_29', 'PERNUM'),
(1230, 'anchal_29', 'EASYHW'),
(1231, 'anchal_29', 'SIMTSK'),
(1232, 'anchal_29', 'ANDPRO'),
(1233, 'anchal_29', 'DIFF2'),
(1234, 'anchal_29', 'TRGCD'),
(1235, 'anchal_29', 'COMPROB'),
(1236, 'anchal_29', 'ISOL'),
(1237, 'andreab3301', 'GEARS'),
(1238, 'andrei1998', 'SPECTAC'),
(1239, 'andrei1998', 'ADIMAT'),
(1240, 'andrei1998', 'ADITREE'),
(1241, 'aneesh2312', 'MPRODMUL'),
(1242, 'aneesh2312', 'WSQUER'),
(1243, 'aniketakgec', 'COFI4001'),
(1244, 'aniketakgec', 'COFI4002'),
(1245, 'aniketakgec', 'COFI4003'),
(1246, 'aniketakgec', 'COFI4004'),
(1247, 'aniketakgec', 'COFI4005'),
(1248, 'aniketakgec', 'COFI4006'),
(1249, 'aniketlpu123', 'BTTT2021'),
(1250, 'aniketlpu123', 'GTCG2021'),
(1251, 'aniketlpu123', 'COSH2021'),
(1252, 'aniketlpu123', 'BDCG2021'),
(1253, 'animesh_f', 'CDQU1'),
(1254, 'animesh_f', 'CDQU2'),
(1255, 'animesh_f', 'CDQU3'),
(1256, 'animesh_f', 'CDQU5'),
(1257, 'animesh_f', 'CDQU4'),
(1258, 'animesh_f', 'CLOSEFAR'),
(1259, 'anjali_190300', 'ECMAR20B'),
(1260, 'anjali_190300', 'ENCJMAY4'),
(1261, 'anjali_s', 'CW1001'),
(1262, 'anjali_s', 'CW1002'),
(1263, 'anjali_s', 'CW1003'),
(1264, 'anjali_s', 'CW1004'),
(1265, 'anjali_s', 'CW1005'),
(1266, 'anjali_s', 'CW1006'),
(1267, 'anjantint', 'TINTNC01'),
(1268, 'anjantint', 'TINTNC02'),
(1269, 'anjantint', 'TINTNC03'),
(1270, 'anjantint', 'TINTC03'),
(1271, 'anjantint', 'TINTC02'),
(1272, 'anjn98', 'PRCC12'),
(1273, 'anjn98', 'PRCC1'),
(1274, 'ankit15', 'CHTKN'),
(1275, 'ankit_ism', 'ISM1'),
(1276, 'ankit_ism', 'ISM3'),
(1277, 'ankit_ism', 'ISM2'),
(1278, 'ankit_ism', 'ISM4'),
(1279, 'ankit_ism', 'ISM5'),
(1280, 'ankit_ism', 'ISM6'),
(1281, 'ankit_ism', 'ISM7'),
(1282, 'ankit_ism', 'ISM8'),
(1283, 'ankit_tripathi', 'WYSIWYG1'),
(1284, 'ankit_tripathi', 'WYSIWYG2'),
(1285, 'ankit_tripathi', 'WYSIWYG3'),
(1286, 'ankit_tripathi', 'WYSIWYG4'),
(1287, 'ankit_tripathi', 'WYSIWYG5'),
(1288, 'ankitbabbar', 'RG201'),
(1289, 'ankitbabbar', 'RG202'),
(1290, 'ankitbabbar', 'RG203'),
(1291, 'ankitbabbar', 'RG204'),
(1292, 'ankitbabbar', 'RG205'),
(1293, 'ankitbabbar', 'RG206'),
(1294, 'ankitbabbar', 'RG207'),
(1295, 'ankitbabbar', 'RG208'),
(1296, 'ankitbabbar', 'KC201'),
(1297, 'ankitbabbar', 'KC202'),
(1298, 'ankitjha97', 'PN002'),
(1299, 'ankitjha97', 'GR002'),
(1300, 'ankitjha97', 'PS001'),
(1301, 'ankitjha97', 'SR001'),
(1302, 'ankitjha97', 'GM001'),
(1303, 'ankitjha97', 'SOL01'),
(1304, 'ankitvermajnp', 'ZOMESC'),
(1305, 'ankitvermajnp', 'HOJO'),
(1306, 'ankur2409', 'CF1912'),
(1307, 'ankurgoel7373', 'COINX'),
(1308, 'ankurgoel7373', 'COUNTC'),
(1309, 'ankurgoel7373', 'PRMRL'),
(1310, 'ankurgoel7373', 'CENCODE'),
(1311, 'ankurgoel7373', 'FICE'),
(1312, 'ankurgoel7373', 'GOVT'),
(1313, 'ankurgoel7373', 'BRDG'),
(1314, 'ankurgoel7373', 'MARS'),
(1315, 'ankurverma1994', 'CSTRIKE1'),
(1316, 'ankurverma1994', 'CSTRIKE2'),
(1317, 'ankurverma1994', 'CSTRIKE3'),
(1318, 'ankurverma1994', 'CSTRIKE4'),
(1319, 'ankurverma1994', 'CSTRIKE5'),
(1320, 'ankurverma1994', 'BTREAT'),
(1321, 'ankurverma1994', 'ROSES'),
(1322, 'ankurverma1994', 'BLTOUR'),
(1323, 'ankurverma1994', 'BSQUARE'),
(1324, 'ankurverma1994', 'DRS'),
(1325, 'ankushboss', 'MAXAB'),
(1326, 'ankushgarg1998', 'OCM'),
(1327, 'ankushgarg1998', 'GANGS'),
(1328, 'ankushgarg1998', 'ENGINEER'),
(1329, 'ankushgarg1998', 'EGJAM'),
(1330, 'ankushgarg1998', 'CHOCOSTK'),
(1331, 'ankushkhanna', 'BLONDIE'),
(1332, 'ankushkhanna', 'MARLA'),
(1333, 'ankushkhanna', 'GUMP'),
(1334, 'ankushkhanna', 'DUFRESNE'),
(1335, 'ankushkhanna', 'LAEDDIS'),
(1336, 'ankushkhanna', 'DWW19A'),
(1337, 'ankushkhanna', 'DWW19B'),
(1338, 'ankushkhanna', 'DWW19C'),
(1339, 'ankushkhanna', 'DWW19D'),
(1340, 'ankushkhanna', 'DWW19E'),
(1341, 'ankushsoni96', 'GIFT'),
(1342, 'ankushsoni96', 'RLE'),
(1343, 'anmol1point0', 'PILES'),
(1344, 'anmol1point0', 'JOURNEY'),
(1345, 'anmol1point0', 'BUNK'),
(1346, 'anmol1point0', 'MAAYA'),
(1347, 'anmol1point0', 'IMXOR'),
(1348, 'anmol21', 'SATA06'),
(1349, 'anmol21', 'SATA10'),
(1350, 'anmol21', 'SATA02'),
(1351, 'anmolrishi', 'FRIEZA'),
(1352, 'anonymous1994', 'LUCBULB'),
(1353, 'anonymous1994', 'LDIGIT'),
(1354, 'anonymous1994', 'LUCXOR'),
(1355, 'anonymous1994', 'LUCKYBIT'),
(1356, 'anonymous_b0y', 'CRACE'),
(1357, 'anonymous_b0y', 'ORMNDST'),
(1358, 'anonymous_b0y', 'JMBOOK'),
(1359, 'anonymous_b0y', 'HHMGN'),
(1360, 'anonymous_b0y', 'JMAGNUM'),
(1361, 'anshika1709', 'BANS001'),
(1362, 'anshika1709', 'BANS004'),
(1363, 'anshika1709', 'BANS002'),
(1364, 'anshika1709', 'BANS003'),
(1365, 'anshika1709', 'BANS005'),
(1366, 'anshitagarwal', 'GOKU'),
(1367, 'anshitagarwal', 'BEAN'),
(1368, 'anshitagarwal', 'JERRY'),
(1369, 'anshitagarwal', 'OLIVE'),
(1370, 'anshitagarwal', 'NOBITA'),
(1371, 'anshitagarwal', 'JHONNY'),
(1372, 'anshitagarwal', 'POKE'),
(1373, 'anshitagarwal', 'HOBB'),
(1374, 'anshitagarwal', 'TORR'),
(1375, 'anshitagarwal', 'RACEWARS'),
(1376, 'anto777', 'DLNUM'),
(1377, 'anto777', 'APCHK'),
(1378, 'anto777', 'MXSUMPN'),
(1379, 'anton_trygub', 'PERMSPL'),
(1380, 'anton_trygub', 'GCDOPS'),
(1381, 'anton_trygub', 'ROOTTREE'),
(1382, 'anton_trygub', 'UKROBOT'),
(1383, 'anton_trygub', 'WATMELON'),
(1384, 'anton_trygub', 'FEWDIFF'),
(1385, 'anton_trygub', 'ADDONSEG'),
(1386, 'antoniuk1', 'FRMQ'),
(1387, 'antoniuk1', 'STFM'),
(1388, 'antoniuk1', 'STROPR'),
(1389, 'antoniuk1', 'BGQRS'),
(1390, 'antoniuk1', 'MTRWY'),
(1391, 'antoniuk1', 'FRNDMTNG'),
(1392, 'antoniuk1', 'CHPLGNS'),
(1393, 'antoniuk1', 'CHFNFRN'),
(1394, 'antoniuk1', 'CHSTR'),
(1395, 'antoniuk1', 'CHCUBE'),
(1396, 'anu2506', 'GRTGM'),
(1397, 'anu2506', 'MGS'),
(1398, 'anu2506', 'NG'),
(1399, 'anu2506', 'THSF'),
(1400, 'anu_020815', 'CMC0C'),
(1401, 'anu_020815', 'CMC0E'),
(1402, 'anu_020815', 'CMC0H'),
(1403, 'anu_020815', 'CMC0I'),
(1404, 'anu_020815', 'CMC0J'),
(1405, 'anu_020815', 'CMC0L'),
(1406, 'anudeep2011', 'ANUCBC'),
(1407, 'anudeep2011', 'ANUGCD'),
(1408, 'anudeep2011', 'ANUDTQ'),
(1409, 'anudeep2011', 'ANUSAR'),
(1410, 'anudeep2011', 'ANUBGC'),
(1411, 'anudeep2011', 'ANUMFS'),
(1412, 'anudeep2011', 'ANUDTC'),
(1413, 'anudeep2011', 'ANUUND'),
(1414, 'anudeep2011', 'ANUBTT'),
(1415, 'anudeep2011', 'ANUTDP'),
(1416, 'anuj64', 'CNTGURU'),
(1417, 'anuj64', 'F908'),
(1418, 'anuj64', 'HW'),
(1419, 'anuj64', 'CNTUSER'),
(1420, 'anuj64', 'ADDTHEM'),
(1421, 'anuj_2106', 'SQCUBE'),
(1422, 'anuj_2106', 'KTREES'),
(1423, 'anuj_2106', 'AVGPR'),
(1424, 'anuj_2106', 'DBFB'),
(1425, 'anuj_2106', 'NSA'),
(1426, 'anujdimri25', 'COTR01'),
(1427, 'anujdimri25', 'COTR02'),
(1428, 'anujdimri25', 'COTR03'),
(1429, 'anujdimri25', 'COTR04'),
(1430, 'anujdimri25', 'COTR05'),
(1431, 'anujdimri25', 'CDTX1'),
(1432, 'anujdimri25', 'CDTX2'),
(1433, 'anujdimri25', 'CDTX3'),
(1434, 'anujdimri25', 'CDTX4'),
(1435, 'anujdimri25', 'CDTX5'),
(1436, 'anukul', 'BSTOPS'),
(1437, 'anuraganand', 'FUNC1'),
(1438, 'anuraganand', 'FUNC2'),
(1439, 'anuraganand', 'PALGAME'),
(1440, 'anuraganand', 'RUNNING'),
(1441, 'anuraganand', 'LINES'),
(1442, 'anuraganand', 'SURESH'),
(1443, 'anuraganand', 'LPALIN'),
(1444, 'anuska_18', 'ENCJMAY3'),
(1445, 'anwar_5256', 'FRNDSTR'),
(1446, 'anwar_5256', 'CHEFNN'),
(1447, 'anwar_5256', 'CHEFPORT'),
(1448, 'anwar_5256', 'DIWALI'),
(1449, 'aoc2020', 'AOC01'),
(1450, 'aoc2020', 'AOC02'),
(1451, 'aoc2020', 'AOC03'),
(1452, 'aoc2020', 'AOC04'),
(1453, 'aoc2020', 'AOC05'),
(1454, 'aonl18', 'RKABOL01'),
(1455, 'aonl18', 'RKABOL02'),
(1456, 'aonl18', 'RKABOL03'),
(1457, 'aonl18', 'RKABOL04'),
(1458, 'aonl18', 'RKABOL05'),
(1459, 'aonl18', 'RKABOL06'),
(1460, 'aonl18', 'RKABOL08'),
(1461, 'apamit11', 'AVHNTRI'),
(1462, 'apamit11', 'AVHNLIN'),
(1463, 'apamit11', 'AVHNCRY'),
(1464, 'apamit11', 'AVHNFEC'),
(1465, 'apamit11', 'AVNRTRI'),
(1466, 'apamit11', 'AVNRLIN'),
(1467, 'apamit11', 'MISKEY'),
(1468, 'aparup_ghosh', 'ACTNBM'),
(1469, 'aparup_ghosh', 'CHFJB'),
(1470, 'apoorv_j', 'CRANATOM'),
(1471, 'apoorv_j', 'CRANBROM'),
(1472, 'apoorv_j', 'CRANCBOY'),
(1473, 'apoorv_j', 'CRANGIRL'),
(1474, 'apoorv_j', 'CRANCRD'),
(1475, 'apoorv_j', 'CRANLOTT'),
(1476, 'apoorv_j', 'CRANPPOL'),
(1477, 'april10', 'ADDFRAC'),
(1478, 'april10', 'FLOOD'),
(1479, 'april10', 'LIGHTING'),
(1480, 'april10', 'REVERSED'),
(1481, 'april10', 'TRIP'),
(1482, 'april10', 'TSPAGAIN'),
(1483, 'april11', 'CPOINT'),
(1484, 'april11', 'GENIND'),
(1485, 'april11', 'L2GRAPH'),
(1486, 'april11', 'NUMGAME2'),
(1487, 'april11', 'RECTCNT'),
(1488, 'april11', 'SPREAD'),
(1489, 'april12', 'CONNECT'),
(1490, 'april12', 'DOUBLE'),
(1491, 'april12', 'DUMPLING'),
(1492, 'april12', 'LUCKY4'),
(1493, 'april12', 'PANSTACK'),
(1494, 'april12', 'PARALLEL'),
(1495, 'april12', 'PDSNUM'),
(1496, 'april12', 'PLAYFIT'),
(1497, 'april12', 'SIMGRAPH'),
(1498, 'april12', 'TSUBSTR'),
(1499, 'april13', 'CHEFGAME'),
(1500, 'april13', 'CYLINDER'),
(1501, 'april13', 'FAULT'),
(1502, 'april13', 'FCBARCA'),
(1503, 'april13', 'INVBINCF'),
(1504, 'april13', 'KINGCON'),
(1505, 'april13', 'LEMUSIC'),
(1506, 'april13', 'LEVY'),
(1507, 'april13', 'MAXDIFF'),
(1508, 'april13', 'STRQUERY'),
(1509, 'april14', 'ADIGIT'),
(1510, 'april14', 'ANUCBC'),
(1511, 'april14', 'BINTREE'),
(1512, 'april14', 'CNPIIM'),
(1513, 'april14', 'FBCHEF'),
(1514, 'april14', 'GERALD08'),
(1515, 'april14', 'LMATRIX3'),
(1516, 'april14', 'POTATOES'),
(1517, 'april14', 'SEAPERM'),
(1518, 'april14', 'TANGDIV'),
(1519, 'april15', 'BROKPHON'),
(1520, 'april15', 'BWGAME'),
(1521, 'april15', 'CARLOS'),
(1522, 'april15', 'CHEFLCM'),
(1523, 'april15', 'CSEQ'),
(1524, 'april15', 'DEVVOTE'),
(1525, 'april15', 'DIVLAND'),
(1526, 'april15', 'FRMQ'),
(1527, 'april15', 'LPARTY'),
(1528, 'april15', 'PIANO1'),
(1529, 'april16', 'AMAEXPER'),
(1530, 'april16', 'BIPIN3'),
(1531, 'april16', 'CHBLLNS'),
(1532, 'april16', 'CHEFPATH'),
(1533, 'april16', 'CHNBGMT'),
(1534, 'april16', 'COLOR'),
(1535, 'april16', 'DEVGOSTR'),
(1536, 'april16', 'FIBQ'),
(1537, 'april16', 'FURGRAPH'),
(1538, 'april17', 'CHEFDIV'),
(1539, 'april17', 'CLIQUED'),
(1540, 'april17', 'DGTCNT'),
(1541, 'april17', 'DISHLIFE'),
(1542, 'april17', 'HLD'),
(1543, 'april17', 'RNDGRID'),
(1544, 'april17', 'ROWSOLD'),
(1545, 'april17', 'SEABIL'),
(1546, 'april17', 'SIMDISH'),
(1547, 'april17', 'SMARKET'),
(1548, 'april18', 'AVGPR'),
(1549, 'april18', 'CHEFAT'),
(1550, 'april18', 'CHEFPAR'),
(1551, 'april18', 'CHEFWORK'),
(1552, 'april18', 'CUTPLANT'),
(1553, 'april18', 'GOODPREF'),
(1554, 'april18', 'HIGHWAYC'),
(1555, 'april18', 'JADUGAR'),
(1556, 'april18', 'JADUGAR2'),
(1557, 'april18', 'SSPLD'),
(1558, 'april19', 'CHEFOFR'),
(1559, 'april19', 'EDGY'),
(1560, 'april19', 'FENCE'),
(1561, 'april19', 'KLPM'),
(1562, 'april19', 'MAXREM'),
(1563, 'april19', 'SJ1'),
(1564, 'april19', 'SONIQUE'),
(1565, 'april19', 'STRCH'),
(1566, 'april19', 'SUBREM'),
(1567, 'april19', 'XORMIN'),
(1568, 'april20', 'CARSELL'),
(1569, 'april20', 'COVIDLQ'),
(1570, 'april20', 'ECAPR208'),
(1571, 'april20', 'FCTRE'),
(1572, 'april20', 'LLLGRAPH'),
(1573, 'april20', 'PPDIV'),
(1574, 'april20', 'REBIT'),
(1575, 'april20', 'SQRDSUB'),
(1576, 'april20', 'STRNO'),
(1577, 'april20', 'TRIPWAYS'),
(1578, 'apurv121196', 'AKSAK'),
(1579, 'apurv121196', 'AKSAKIQ'),
(1580, 'apurv121196', 'AKSAKTEA'),
(1581, 'apurv121196', 'AKSAKPD'),
(1582, 'apurvchandel', 'HRYLUV'),
(1583, 'apurvchandel', 'TAX100'),
(1584, 'apurvchandel', 'JYFOOD'),
(1585, 'apurvchandel', 'GUNTH'),
(1586, 'apurvchandel', 'GAM'),
(1587, 'apurvsinghgaut', 'YULESIT'),
(1588, 'apurvsinghgaut', 'MKWRK'),
(1589, 'apurvsinghgaut', 'TRAL'),
(1590, 'apurvsinghgaut', 'DISNUM'),
(1591, 'apurvsinghgaut', 'BTFLD'),
(1592, 'apurvsinghgaut', 'RDMSR'),
(1593, 'ar56', 'ITM001'),
(1594, 'ar56', 'ITM002'),
(1595, 'ar56', 'ITM003'),
(1596, 'ar56', 'ITM004'),
(1597, 'araajput', 'FLC'),
(1598, 'araajput', 'GBP'),
(1599, 'araajput', 'FRW'),
(1600, 'araajput', 'RVS'),
(1601, 'araajput', 'ESS'),
(1602, 'aranta', 'CODQ1'),
(1603, 'aranta', 'CODQ2'),
(1604, 'aranta', 'CODQ3'),
(1605, 'aranta', 'CODQ4'),
(1606, 'aranta', 'CODQ5'),
(1607, 'aranta', 'CODQ6'),
(1608, 'aranta', 'CODQ7'),
(1609, 'aranta', 'CODQ8'),
(1610, 'arbitrary-precision', 'SIMBIRD'),
(1611, 'archit203', 'CODI1'),
(1612, 'archit203', 'CODI2'),
(1613, 'archit203', 'CODI3'),
(1614, 'archit203', 'CODI5'),
(1615, 'archit203', 'CODI0'),
(1616, 'architk', 'IITI01'),
(1617, 'architk', 'IITI02'),
(1618, 'architk', 'IITI03'),
(1619, 'architk', 'IITI04'),
(1620, 'architk', 'IITI05'),
(1621, 'architk', 'IITI00'),
(1622, 'architk', 'IITI06'),
(1623, 'architk', 'IITI07'),
(1624, 'architk', 'IITI08'),
(1625, 'architk', 'IITI09'),
(1626, 'architkaila', 'Q1_NU'),
(1627, 'architkaila', 'Q2_NU'),
(1628, 'architkaila', 'Q3_NU'),
(1629, 'area', 'GHOME'),
(1630, 'area', 'JOEYBIR'),
(1631, 'aref111n', 'HNH01'),
(1632, 'aref111n', 'PREGLO'),
(1633, 'arghya_n', 'BUYCD'),
(1634, 'arghya_n', 'LXORR'),
(1635, 'arghya_n', 'FGHTXT'),
(1636, 'arikpamnani', 'TRDSTK'),
(1637, 'arikpamnani', 'GRIDRM'),
(1638, 'arindam168', 'SFRNDS'),
(1639, 'arindam168', 'GWBUT'),
(1640, 'arithmetic-geometric-progression', 'PTREE'),
(1641, 'arithmetic-progression', 'ARITHM'),
(1642, 'arithmetic-progression', 'CHEFST'),
(1643, 'arithmetic-progression', 'CHFQUEUE'),
(1644, 'arithmetic-progression', 'CNR'),
(1645, 'arithmetic-progression', 'DATAPIPE'),
(1646, 'arithmetic-progression', 'DEVGOSTR'),
(1647, 'arithmetic-progression', 'DEVHAND'),
(1648, 'arithmetic-progression', 'ENOC4'),
(1649, 'arithmetic-progression', 'ICL1706'),
(1650, 'arithmetic-progression', 'PLMU'),
(1651, 'aritra1999', 'ACODEX2'),
(1652, 'aritra1999', 'CCODEX2'),
(1653, 'aritra1999', 'DCODEX2'),
(1654, 'aritra1999', 'HCODEX2'),
(1655, 'aritra1999', 'ICODEX2'),
(1656, 'aritra1999', 'JCODEX2'),
(1657, 'arjun8115', 'COG1803'),
(1658, 'arjun8115', 'COG1805'),
(1659, 'arjunarul', 'CHN15A'),
(1660, 'arjunarul', 'CHN15B'),
(1661, 'arjunarul', 'CHN15C'),
(1662, 'arjunarul', 'CHN15D'),
(1663, 'arjunarul', 'LOCRECT'),
(1664, 'arjunarul_adm', 'MAXTHREE'),
(1665, 'arjunarul_adm', 'SNDMAX'),
(1666, 'arjungawali111', 'FACT19'),
(1667, 'arjungawali111', 'TT19'),
(1668, 'arjungawali111', 'MISSING'),
(1669, 'arjungawali111', 'NGAME19'),
(1670, 'arjungawali111', 'ISA19'),
(1671, 'arjungawali111', 'BRKTBRK'),
(1672, 'arjungawali111', 'LTRCHNG'),
(1673, 'arjungawali111', 'HXTDC'),
(1676, 'arnavch', 'CYW01'),
(1677, 'arnavch', 'CYW02'),
(1678, 'arnavch', 'CYW03'),
(1679, 'arnavch', 'CYW04'),
(1680, 'arnavch', 'CYW05'),
(1681, 'arnavch', 'CYW06'),
(1682, 'arnavch', 'CYW07'),
(1683, 'arnavch', 'CYW09'),
(1684, 'arnavch', 'CYW11'),
(1685, 'arnavch', 'CYW12'),
(1686, 'arnie8991', 'TVT'),
(1687, 'arnie8991', 'GVR'),
(1688, 'arnie8991', 'ECJAN20G'),
(1689, 'arnie8991', 'ECFBP201'),
(1690, 'arnie8991', 'ECFBP204'),
(1691, 'arnie8991', 'ECFEB204'),
(1692, 'arnie8991', 'COW206'),
(1693, 'arnie8991', 'ECAPR201'),
(1694, 'arnie8991', 'ECAPR207');
INSERT INTO `questions` (`id`, `tag`, `qcode`) VALUES
(1695, 'arnie8991', 'ECJN203'),
(1696, 'arpa', 'LOSTMAX'),
(1697, 'arpa', 'MAXOR'),
(1698, 'arpa', 'TRAVELAL'),
(1699, 'arpa', 'DIVSET'),
(1700, 'arpa', 'PPATTERN'),
(1701, 'arpa', 'BUCKETS'),
(1702, 'arpa', 'DLINE'),
(1703, 'arpa', 'NOSS'),
(1704, 'arpa', 'BESTPATH'),
(1705, 'arpa', 'AGECAL'),
(1706, 'arpanb8', 'DIRTBYTE'),
(1707, 'arpanb8', 'T9BYTE'),
(1708, 'arpanb8', 'MINTOXIA'),
(1709, 'arpanb8', 'WEEKDAY'),
(1710, 'arpanb8', 'FIBCODE'),
(1711, 'arpanlepcha', 'SHERUB01'),
(1712, 'arpanlepcha', 'SHERUB02'),
(1713, 'arpanlepcha', 'SHERUB03'),
(1714, 'arpanmahato29', 'CDIN01'),
(1715, 'arpanmahato29', 'CDIN02'),
(1716, 'arpanmahato29', 'CDIN03'),
(1717, 'arpit_729', 'IISCH01'),
(1718, 'arpit_729', 'IISCH05'),
(1719, 'arpit_729', 'IISCH02'),
(1720, 'arpit_729', 'IISCH03'),
(1721, 'arpit_729', 'IISCH04'),
(1722, 'arpit_729', 'IISCH06'),
(1723, 'arpit_729', 'IISCH07'),
(1724, 'arpit_729', 'IISCH08'),
(1725, 'arpit_729', 'IISCH09'),
(1726, 'arpitdec5', 'VIRAT'),
(1727, 'arpitdec5', 'ABSTR'),
(1728, 'arpitdec5', 'AADIV1'),
(1729, 'arpitdec5', 'WWE'),
(1730, 'arpitdec5', 'CHEFU'),
(1731, 'arpitdec5', 'LNUM'),
(1732, 'arpitdec5', 'CHEFHAR'),
(1733, 'arpitdec5', 'RSTRING'),
(1734, 'arpitdec5', 'NGAME'),
(1735, 'arpitdec5', 'BYTES11'),
(1736, 'array', 'ACM14KN3'),
(1737, 'array', 'ARGTS'),
(1738, 'array', 'ARRAYSUM'),
(1739, 'array', 'ARRPROB'),
(1740, 'array', 'AVGPR'),
(1741, 'array', 'BC106'),
(1742, 'array', 'BC202'),
(1743, 'array', 'CDIT01'),
(1744, 'array', 'CDIT03'),
(1745, 'array', 'CHEFAMPP'),
(1746, 'ars2117', 'ACM14KN3'),
(1747, 'ars2117', 'ARGTS'),
(1748, 'ars2117', 'ARRAYSUM'),
(1749, 'ars2117', 'ARRPROB'),
(1750, 'ars2117', 'AVGPR'),
(1751, 'ars2117', 'BC106'),
(1752, 'ars2117', 'BC202'),
(1753, 'ars2117', 'CDIT01'),
(1754, 'ars2117', 'CDIT03'),
(1755, 'ars2117', 'CHEFAMPP'),
(1756, 'arthurfn', 'SORTVS'),
(1757, 'arthurfn', 'SAFETR'),
(1758, 'arthurfn', 'CONVAIR'),
(1759, 'arthurfn', 'GUESSG'),
(1760, 'arthurfn', 'PSTONES'),
(1761, 'arti111', 'TECNO8'),
(1762, 'arun08', 'SMHTA'),
(1763, 'arun08', 'SMHTB'),
(1764, 'arun08', 'SMHTC'),
(1765, 'arun08', 'SMHTD'),
(1766, 'arun08', 'SMHTE'),
(1767, 'arun139', 'LEAP'),
(1768, 'arun139', 'TEMP'),
(1769, 'arun139', 'DIAG'),
(1770, 'arun139', 'SUBEIN'),
(1771, 'arun139', 'MATH'),
(1772, 'arun139', 'PATRN'),
(1773, 'arun139', 'MARIGE'),
(1774, 'arun139', 'ANA'),
(1775, 'arun139', 'BSK'),
(1776, 'arun139', 'BOTTLE'),
(1777, 'arup_akc', 'DC10001'),
(1778, 'arup_akc', 'DC10002'),
(1779, 'arup_akc', 'DC10003'),
(1780, 'arup_akc', 'DC10004'),
(1781, 'arup_akc', 'DC10005'),
(1782, 'arup_akc', 'DC10006'),
(1783, 'arvchamp', 'COD01'),
(1784, 'arvchamp', 'COD02'),
(1785, 'arvchamp', 'COD03'),
(1786, 'arvchamp', 'COD04'),
(1787, 'arvchamp', 'COD05'),
(1788, 'arvchamp', 'COD06'),
(1789, 'arvchamp', 'COD07'),
(1790, 'arvchamp', 'COD08'),
(1791, 'arvchamp', 'COD09'),
(1792, 'arvchamp', 'SWIGGY02'),
(1793, 'arvindpunk', 'MRZRL2'),
(1794, 'aryanag_adm', 'PRICECON'),
(1795, 'aryanag_adm', 'CRDGAME'),
(1796, 'aryanag_adm', 'CHEFSTR1'),
(1797, 'aryanag_adm', 'CHEFSTEP'),
(1798, 'aryanag_adm', 'CHEFWARS'),
(1799, 'aryanag_adm', 'CRDGAME3'),
(1800, 'aryanag_adm', 'LINCHESS'),
(1801, 'aryanag_adm', 'CHEFWED'),
(1802, 'asdzxc1', 'CDGLF17A'),
(1803, 'asdzxc1', 'CDGLF17B'),
(1804, 'asdzxc1', 'CDGLF17C'),
(1805, 'aseemraj', 'DETDET'),
(1806, 'ash0904', 'FOOLS18A'),
(1807, 'ash0904', 'FOOLS18D'),
(1808, 'ash0904', 'FOOLS18C'),
(1809, 'ash0904', 'FOOLS18E'),
(1810, 'ash0904', 'FOOLS18F'),
(1811, 'ash0904', 'FOOLS18G'),
(1812, 'ash0904', 'FOOLS18B'),
(1813, 'ash1794', 'BOW15A'),
(1814, 'ash1794', 'BOW15B'),
(1815, 'ashish1610', 'DAY4P0'),
(1816, 'ashish1610', 'DAY4P2'),
(1817, 'ashish1610', 'DAY4P3'),
(1818, 'ashish1610', 'CM_CAN'),
(1819, 'ashish1610', 'DAY5P2'),
(1820, 'ashish1610', 'DAY5P3'),
(1821, 'ashish1610', 'IPCASH'),
(1822, 'ashish_arora', 'GLICHT_A'),
(1823, 'ashish_arora', 'GLICHT_B'),
(1824, 'ashish_arora', 'GLICHT_C'),
(1825, 'ashish_arora', 'GLICHT_D'),
(1826, 'ashish_arora', 'GLICHT_E'),
(1827, 'ashish_arora', 'BIT20A'),
(1828, 'ashish_arora', 'BIT20B'),
(1829, 'ashish_arora', 'BIT20C'),
(1830, 'ashish_arora', 'BIT20D'),
(1831, 'ashishgup', 'TREASURE'),
(1832, 'ashishgup', 'SUBREM'),
(1833, 'ashishgup', 'FENCE'),
(1834, 'ashishrko', 'XC103'),
(1835, 'ashishrko', 'XC201'),
(1836, 'ashishrko', 'XC202'),
(1837, 'ashishrko', 'XC204'),
(1838, 'ashishrko', 'XC203'),
(1839, 'ashishsingh52', 'CTC020S1'),
(1840, 'ashkmr574', 'CDOUTA'),
(1841, 'ashkmr574', 'CDOUTB'),
(1842, 'ashkmr574', 'CDOUTC'),
(1843, 'ashkmr574', 'CDOUTD'),
(1844, 'ashkmr574', 'CDOUTE'),
(1845, 'ashkmr574', 'CDOUTF'),
(1846, 'ashley_27', 'NCC005'),
(1847, 'ashley_27', 'NCC003'),
(1848, 'ashley_27', 'NCC006'),
(1849, 'ashley_27', 'NCC002'),
(1850, 'ashley_27', 'NCC004'),
(1851, 'ashmew2', 'CREDCJ1'),
(1852, 'ashmew2', 'CREDCJ2'),
(1853, 'ashmew2', 'CREDCJ3'),
(1854, 'ashmew2', 'CREDCS1'),
(1855, 'ashmew2', 'CREDCS2'),
(1856, 'ashmew2', 'CREDCS3'),
(1857, 'ashmew2', 'CREDCJ4'),
(1858, 'ashpazbashi', 'PROB01'),
(1859, 'ashpazbashi', 'PROB02'),
(1860, 'ashpazbashi', 'PROB03'),
(1861, 'ashu181998', 'BALASEQ'),
(1862, 'ashutoshgngwr', 'CZ18MOD'),
(1863, 'ashutoshgngwr', 'CZ18ENC'),
(1864, 'ashutoshgngwr', 'CZ18LAZY'),
(1865, 'ashutoshgngwr', 'CZ18WVD'),
(1866, 'ashutoshgngwr', 'CZ18FIB'),
(1867, 'ashutoshgngwr', 'CZ18RACE'),
(1868, 'ashutoshgngwr', 'CZ18TREE'),
(1869, 'ashutoshgngwr', 'CZ18WORD'),
(1870, 'ashutoshgngwr', 'CZ18MYST'),
(1871, 'ashutoshgngwr', 'CZ18STR'),
(1872, 'ashwanth2003', 'BAHUDAN'),
(1873, 'ashwanth2003', 'FACTBAHU'),
(1874, 'ashwanth2003', 'AREAASTI'),
(1875, 'ashwanth2003', 'JIGSPAN'),
(1877, 'assasin143', 'PRMARTH'),
(1878, 'assasin143', 'SMPX'),
(1879, 'assasin143', 'BGSM'),
(1880, 'assasin143', 'GSHUFF'),
(1881, 'assasin143', 'NPRM'),
(1882, 'astoria', 'UWCOI20A'),
(1883, 'astoria', 'UWCOI20C'),
(1884, 'astoria', 'UWCOI20G'),
(1885, 'aswin_rajeev95', 'PROE01'),
(1886, 'aswin_rajeev95', 'PROE03'),
(1887, 'aswin_rajeev95', 'PROE04'),
(1888, 'aswinashok44', 'CRICSCR'),
(1889, 'aswinashok44', 'CHEFCUP'),
(1890, 'aswinashok44', 'TAJ'),
(1891, 'aswinashok44', 'CHEFBUS'),
(1892, 'aswinashok44', 'VEASYQ'),
(1893, 'aswinashok44', 'VCODE1'),
(1894, 'aswinashok44', 'VCODE2'),
(1895, 'aswinashok44', 'VCODE3'),
(1896, 'atulag', 'SKMGMT'),
(1897, 'atulag', 'CDGO1601'),
(1898, 'atulag', 'CDGO1602'),
(1899, 'atulag', 'CDGO1603'),
(1900, 'atulag', 'HBCD04'),
(1901, 'atulag', 'HBCD02'),
(1902, 'atulag', 'HBCD01'),
(1903, 'atulag', 'HBCD03'),
(1904, 'atulag', 'TAXR'),
(1905, 'atulbi', 'CATCHME'),
(1906, 'atulbi', 'MAGICFAC'),
(1907, 'atulbi', 'SAHEB'),
(1908, 'atulbi', 'GAITONDE'),
(1909, 'atulbi', 'KLSHPADA'),
(1910, 'atulmaster', 'LOSTPW'),
(1911, 'atulmaster', 'HITBIT'),
(1912, 'atulmaster', 'ANOSTR'),
(1913, 'atulmaster', 'SATBRO'),
(1914, 'atulmaster', 'CYPRM'),
(1915, 'atulmaster', 'CYPVEN'),
(1916, 'atulmaster', 'VEGMOM'),
(1917, 'atulmaster', 'ANAND1'),
(1918, 'atulsharma432', 'SOLD'),
(1919, 'atulsharma432', 'FLOODS'),
(1920, 'atulsharma432', 'PAIRS'),
(1921, 'atulsharma432', 'ARRAYY'),
(1922, 'atulsharma432', 'HOTELRM'),
(1923, 'atulsharma432', 'ABCUBE'),
(1924, 'atulsharma432', 'MODI'),
(1925, 'audiovideoimag', 'STC3AVI'),
(1926, 'aug10', 'COURSE'),
(1927, 'aug10', 'ECODE'),
(1928, 'aug10', 'FACTORY'),
(1929, 'aug10', 'GENETICS'),
(1930, 'aug10', 'STEPNUMS'),
(1931, 'aug10', 'SWARM'),
(1932, 'aug11', 'BLOCKDRO'),
(1933, 'aug11', 'DIVISORS'),
(1934, 'aug11', 'HPARITY'),
(1935, 'aug11', 'IGAME'),
(1936, 'aug11', 'SHORTCIR'),
(1937, 'aug12', 'BLOCKING'),
(1938, 'aug12', 'CHECKERS'),
(1939, 'aug12', 'DRANGE'),
(1940, 'aug12', 'GTHRONES'),
(1941, 'aug12', 'HOMDEL'),
(1942, 'aug12', 'LEBOMBS'),
(1943, 'aug12', 'LUKYDRIV'),
(1944, 'aug12', 'MACGUN'),
(1945, 'aug12', 'MAGIC'),
(1946, 'aug12', 'MAXGAME'),
(1947, 'aug13', 'CHMOD'),
(1948, 'aug13', 'CNTSOLS'),
(1949, 'aug13', 'DELNMS'),
(1950, 'aug13', 'HELLO'),
(1951, 'aug13', 'LELEMON'),
(1952, 'aug13', 'LYRC'),
(1953, 'aug13', 'PRIMEDST'),
(1954, 'aug13', 'SEABAL'),
(1955, 'aug13', 'SHIRO'),
(1956, 'aug13', 'SPCANDY'),
(1957, 'aug14', 'CLETAB'),
(1958, 'aug14', 'CRAWA'),
(1959, 'aug14', 'EQUAKE'),
(1960, 'aug14', 'MOU2H'),
(1961, 'aug14', 'PRGIFT'),
(1962, 'aug14', 'PUSHFLOW'),
(1963, 'aug14', 'REVERSE'),
(1964, 'aug14', 'SEASHUF'),
(1965, 'aug14', 'SIGFIB'),
(1966, 'aug14', 'TSHIRTS'),
(1967, 'aug15', 'ADMAG'),
(1968, 'aug15', 'CHINSM'),
(1969, 'aug15', 'CLOWAY'),
(1970, 'aug15', 'COOKMACH'),
(1971, 'aug15', 'DCGAME'),
(1972, 'aug15', 'DISTNUM'),
(1973, 'aug15', 'GRGUY'),
(1974, 'aug15', 'SCLUSTER'),
(1975, 'aug15', 'STETSKLX'),
(1976, 'aug15', 'WOUT'),
(1977, 'aug16', 'CHAHG'),
(1978, 'aug16', 'CHCHCL'),
(1979, 'aug16', 'CHEFCRUN'),
(1980, 'aug16', 'CHEFRRUN'),
(1981, 'aug16', 'CHEFTRE'),
(1982, 'aug16', 'EBOLA'),
(1983, 'aug16', 'GOODPROB'),
(1984, 'aug16', 'MAXGRID'),
(1985, 'aug16', 'SHAIKHGN'),
(1986, 'aug16', 'TRICONT'),
(1987, 'aug17', 'CHEFFA'),
(1988, 'aug17', 'CHEFMOVR'),
(1989, 'aug17', 'GCAC'),
(1990, 'aug17', 'HILLJUMP'),
(1991, 'aug17', 'MATDW'),
(1992, 'aug17', 'PALINGAM'),
(1993, 'aug17', 'RAINBOWA'),
(1994, 'aug17', 'STRINGRA'),
(1995, 'aug17', 'WALKBT'),
(1996, 'aug18', 'GCDMOD'),
(1997, 'aug18', 'INMAT'),
(1998, 'aug18', 'KCOMPRES'),
(1999, 'aug18', 'LONCYC'),
(2000, 'aug18', 'PRINDRAG'),
(2001, 'aug18', 'PROBLEMS'),
(2002, 'aug18', 'RIVER'),
(2003, 'aug18', 'SAFPAR'),
(2004, 'aug18', 'SHKNUM'),
(2005, 'aug18', 'SPELLBOB'),
(2006, 'aug19', 'CHEFDIL'),
(2007, 'aug19', 'CHGORAM'),
(2008, 'aug19', 'CSTREE'),
(2009, 'aug19', 'DSTAPLS'),
(2010, 'aug19', 'ENCODING'),
(2011, 'aug19', 'KS1'),
(2012, 'aug19', 'MAXEXPR'),
(2013, 'aug19', 'MSNSADM1'),
(2014, 'aug19', 'SYNBAC'),
(2015, 'aug19', 'TSEQ'),
(2016, 'aug20', 'ACCBIP'),
(2017, 'aug20', 'CHEFCOMP'),
(2018, 'aug20', 'CHEFWARS'),
(2019, 'aug20', 'CHEFWED'),
(2020, 'aug20', 'CRDGAME3'),
(2021, 'aug20', 'LINCHESS'),
(2022, 'aug20', 'PSTONES'),
(2023, 'aug20', 'RGY'),
(2024, 'aug20', 'SKMP'),
(2025, 'aug20', 'SUBSFREQ'),
(2026, 'augmenting-path', 'HAMEL'),
(2027, 'auk_itclub', 'CONPRI01'),
(2028, 'auk_itclub', 'BRACK04'),
(2029, 'auk_itclub', 'MINOP06'),
(2030, 'auk_itclub', 'POLY05'),
(2031, 'auk_itclub', 'CONV02'),
(2032, 'auk_itclub', 'MAT08'),
(2033, 'auk_itclub', 'NUMTH10'),
(2034, 'auk_itclub', 'DAT09'),
(2035, 'auk_itclub', 'PANDIG03'),
(2036, 'auk_itclub', 'LEVI07'),
(2037, 'aust2016', 'AUASIF'),
(2038, 'aust2016', 'AUDH'),
(2039, 'aust2016', 'AUEC'),
(2040, 'aust2016', 'AUHASH'),
(2041, 'aust2016', 'AUNX'),
(2042, 'aust2016', 'AUPM'),
(2043, 'aust2016', 'AUSAG'),
(2044, 'aust2016', 'AUSASA'),
(2045, 'aust2016', 'AUSF'),
(2046, 'aust2016', 'AUTCN'),
(2047, 'auxiliary-tree', 'ADJLEAF2'),
(2048, 'auxiliary-tree', 'CONSEL'),
(2049, 'auxiliary-tree', 'ICL1705'),
(2050, 'auxiliary-tree', 'MXMN'),
(2051, 'avanisakhapara', 'QUESTION'),
(2052, 'avastpulkit', 'PINOCH1'),
(2053, 'avastpulkit', 'PINOCH2'),
(2054, 'avastpulkit', 'MASTRIAN'),
(2055, 'avastpulkit', 'MASNUM'),
(2056, 'avastpulkit', 'KDATZERO'),
(2057, 'avastpulkit', 'ALTRTREE'),
(2058, 'avastpulkit', 'CYCENCR'),
(2059, 'avastpulkit', 'TRAXORB'),
(2060, 'avd_0', 'NEU001'),
(2061, 'avd_0', 'NEU002'),
(2062, 'avd_0', 'NEU003'),
(2063, 'avd_0', 'NEU004'),
(2064, 'avd_0', 'NEU005'),
(2065, 'avd_0', 'NEU006'),
(2066, 'avd_0', 'NEU007'),
(2067, 'avenger786', 'COCR101'),
(2068, 'avenger786', 'COCR102'),
(2069, 'avenger786', 'COCR103'),
(2070, 'avi130698', 'PC101'),
(2071, 'avi130698', 'PC103'),
(2072, 'avi130698', 'PC108'),
(2073, 'avi130698', 'PC107'),
(2074, 'avi130698', 'PC104'),
(2075, 'avi130698', 'PC102'),
(2076, 'avi130698', 'PC109'),
(2077, 'avi130698', 'PC100'),
(2078, 'avi224', 'IITM1'),
(2079, 'avi224', 'IITM2'),
(2080, 'avi224', 'IITM3'),
(2081, 'avi224', 'IITM4'),
(2082, 'avi224', 'IITM5'),
(2083, 'avi224', 'IITM6'),
(2084, 'avi224', 'IITM7'),
(2085, 'avi224', 'EXODIA'),
(2086, 'avi224', 'DELICEIL'),
(2087, 'avi224', 'SANTA2'),
(2088, 'avi892nash', 'COG1804'),
(2089, 'avi892nash', 'COG1806'),
(2090, 'avijit_agarwal', 'CLFIBD'),
(2091, 'avijit_agarwal', 'CLSUMG'),
(2092, 'avijit_agarwal', 'CLIPLX'),
(2093, 'avijit_agarwal', 'CDGCD'),
(2094, 'avijit_agarwal', 'CLMARKS'),
(2095, 'avikghosh', 'CODE04'),
(2096, 'avikghosh', 'CODE03'),
(2097, 'avikghosh', 'CODE05'),
(2098, 'avikghosh', 'CODE06'),
(2099, 'avinashroshan', 'CSIXIERL'),
(2100, 'avinashroshan', 'CSIXIEAN'),
(2101, 'avinashroshan', 'CSIXIEVR'),
(2102, 'avinashroshan', 'CSIXIEPA'),
(2103, 'aviroop123', 'SNKAPT'),
(2104, 'aviroop123', 'EXPREP'),
(2105, 'aviroop123', 'XORGRAPH'),
(2106, 'avl', 'MVCN2TST'),
(2107, 'awaracoder', 'SCD1C'),
(2108, 'awaracoder', 'SCD1B'),
(2109, 'awaracoder', 'SCD1E'),
(2110, 'awaracoder', 'SCD1F'),
(2111, 'awaracoder', 'SCD1D'),
(2112, 'awaracoder', 'SCD1A'),
(2113, 'ay2306', 'MAKEOR'),
(2114, 'ay2306', 'LGST'),
(2115, 'ay2306', 'MSITNT'),
(2116, 'ayush163', 'LEFROT'),
(2117, 'ayush163', 'PLSTR'),
(2118, 'ayush163', 'PEPART'),
(2119, 'ayush163', 'FINLOT'),
(2120, 'ayush163', 'ANASTR'),
(2121, 'ayush163', 'MARTO'),
(2122, 'ayush163', 'GTXOR'),
(2123, 'ayush163', 'BC101'),
(2124, 'ayush163', 'BC102'),
(2125, 'ayush163', 'BC103'),
(2126, 'ayushbgl', 'ROUTING'),
(2127, 'ayushbgl', 'SWIGGYPI'),
(2128, 'ayushbgl', 'FOODIE'),
(2129, 'ayushkmr', 'EVENODD1'),
(2130, 'ayushkmr', 'EVENODD2'),
(2131, 'ayushkmr', 'GO3'),
(2132, 'ayushkmr', 'GO5'),
(2133, 'ayushkmr', 'GGLMAGIC'),
(2134, 'ayushkmr', 'GGLSTRNG'),
(2135, 'b_aditya', 'VAMSI_CR'),
(2136, 'b_aditya', 'VAMSI_ST'),
(2137, 'b_aditya', 'VAMSI_SP'),
(2138, 'babangain', 'CHFRST'),
(2139, 'babangain', 'SQCB'),
(2140, 'babangain', 'GCTNM'),
(2141, 'babangain', 'RECTSQR'),
(2142, 'babangain', 'TWINPR'),
(2143, 'babangain', 'CPL01'),
(2144, 'babangain', 'CPL02'),
(2145, 'babangain', 'DIVCHK'),
(2146, 'babangain', 'CALCMON'),
(2147, 'babangain', 'CTKEY'),
(2148, 'babjineelam', 'THUB0001'),
(2149, 'babjineelam', 'THUB0002'),
(2150, 'babuzebi', 'ZDVZ1001'),
(2151, 'babuzebi', 'ZDVZ1003'),
(2152, 'babuzebi', 'ZDVZ1004'),
(2153, 'babuzebi', 'ZDVZ1005'),
(2154, 'babuzebi', 'ZDVZ1006'),
(2155, 'babuzebi', 'RTFP'),
(2156, 'babuzebi', 'NSP'),
(2157, 'babuzebi', 'MTSA'),
(2158, 'backtracking', 'CIELTOMY'),
(2159, 'backtracking', 'DUALPAL'),
(2160, 'backtracking', 'EZNO'),
(2161, 'backtracking', 'FINDIT'),
(2162, 'backtracking', 'GUARDS'),
(2163, 'backtracking', 'KOL1510'),
(2164, 'backtracking', 'LEALCO'),
(2165, 'backtracking', 'LPARTY'),
(2166, 'backtracking', 'NICARRAY'),
(2167, 'backtracking', 'SELECT'),
(2168, 'bajinkya', 'SINUSOID'),
(2169, 'bajinkya', 'SINU2'),
(2170, 'bajinkya', 'SINU3'),
(2171, 'bajinkya', 'SINU4'),
(2172, 'bajinkya', 'SINU5'),
(2173, 'bajinkya', 'SINU6'),
(2174, 'bajinkya', 'SINU7'),
(2175, 'balajiganapath', 'KOL15D'),
(2176, 'balajiganapath', 'KOL1506'),
(2177, 'balajiganapath', 'AMGIT'),
(2178, 'balajiganapath', 'AMLPALIN'),
(2179, 'balajiganapath', 'ACRONYM'),
(2180, 'balajiganapath', 'ICECREAM'),
(2181, 'balajiganapath', 'TEACHTR'),
(2182, 'balajiganapath', 'PCAKE'),
(2183, 'balajiganapath', 'TWOTREES'),
(2184, 'balajiganapath', 'NUMBGAME'),
(2185, 'balakrishnan_v', 'CRAZYBOB'),
(2195, 'balanced-parentheses', 'BALANCED'),
(2196, 'balanced-parentheses', 'KOL1503'),
(2197, 'balanced-tree\r\n', 'GERALD3	'),
(2198, 'bansalanjali', 'DUCS1'),
(2199, 'bansalanjali', 'DUCS2'),
(2200, 'bansalanjali', 'DUCS3'),
(2201, 'bansalanjali', 'DUCS4'),
(2202, 'bansalanjali', 'DUCS5'),
(2203, 'bansalanjali', 'DUCS6'),
(2204, 'bansalanjali', 'DUCS7'),
(2205, 'bansalanjali', 'DUCS8'),
(2206, 'bansalanjali', 'DCC1'),
(2207, 'bansalanjali', 'DCC2'),
(2208, 'baqir', 'BLDNGS'),
(2209, 'baqir', 'PLND'),
(2210, 'baqir', 'CUBES'),
(2211, 'baqir', 'NEAREST'),
(2212, 'baqir', 'MULT'),
(2213, 'barenuz', 'ARCTR'),
(2214, 'barenuz', 'MINIONS'),
(2215, 'barenuz', 'SONYASEG'),
(2216, 'barenuz', 'DANYANUM'),
(2217, 'barenuz', 'BTMNTREE'),
(2218, 'barenuz', 'NUMCOMP'),
(2219, 'barenuz', 'GOODPERM'),
(2220, 'barenuz', 'MGCSET'),
(2221, 'barenuz', 'MAXEP'),
(2222, 'basic', 'BRACKETS'),
(2223, 'basic', 'COCA2003'),
(2224, 'basic', 'CODEKARO'),
(2225, 'basic', 'COW3B'),
(2226, 'basic', 'CRDGAME2'),
(2227, 'basic', 'DISTCODE'),
(2228, 'basic', 'MDSWIN2'),
(2229, 'basic', 'MYSARA'),
(2230, 'basic-programming', 'ALEXTASK'),
(2231, 'basic-programming', 'BANDMATR'),
(2232, 'basic-programming', 'CHSQR'),
(2233, 'basic-programming', 'CNOTE'),
(2234, 'basic-programming', 'CR1'),
(2235, 'basic-programming', 'CR2'),
(2236, 'basic-programming', 'CR3'),
(2237, 'basic-programming', 'EGRANDR'),
(2238, 'basic-programming', 'EXOCODE4'),
(2239, 'basic-programming', 'EXOCODE6'),
(2240, 'bb_1', 'ALK01'),
(2241, 'bb_1', 'EQCANDY'),
(2242, 'bb_1', 'NMAGIC'),
(2243, 'bb_1', 'ICEFIRE'),
(2244, 'bb_1', 'MPREF'),
(2250, 'bciobanu', 'WEASELTX'),
(2251, 'bciobanu', 'WEASELSC'),
(2252, 'bciobanu', 'CHEFKNN'),
(2253, 'bciobanu', 'CHEFAT'),
(2254, 'bciobanu', 'RIVER'),
(2255, 'bciobanu', 'RECIPES'),
(2256, 'bciobanu', 'CHEFLST'),
(2257, 'bciobanu', 'BSHUFFLE'),
(2258, 'bciobanu', 'CPCOMP'),
(2259, 'bciobanu', 'GDIST'),
(2260, 'bdyutish', 'PRTY'),
(2261, 'bdyutish', 'CRNVL'),
(2262, 'bdyutish', 'QRYY'),
(2263, 'bdyutish', 'WLPAL'),
(2264, 'beast_slayer07', 'FST101'),
(2265, 'beginner', 'ARGTS'),
(2266, 'beginner', 'CAC104'),
(2267, 'beginner', 'COCR104'),
(2268, 'beginner', 'CR0'),
(2269, 'beginners', 'ECPC10A'),
(2270, 'behalgitanshu', 'BYTES1'),
(2271, 'behalgitanshu', 'BYTES2'),
(2272, 'behalgitanshu', 'BYTES3'),
(2273, 'behalgitanshu', 'BYTES4'),
(2274, 'behalgitanshu', 'BYTES5'),
(2275, 'behalgitanshu', 'BYTES6'),
(2276, 'bellman-ford', 'AVGSHORT'),
(2277, 'bellman-ford', 'BESTPATH'),
(2278, 'bellman-ford', 'CEMENT'),
(2279, 'bellman-ford', 'GUESSAGE'),
(2280, 'bellman-ford', 'KGP16J'),
(2281, 'belowthebelt', 'FORALN'),
(2282, 'belowthebelt', 'MINMO'),
(2283, 'belphegor', 'C32K19P2'),
(2284, 'belphegor', 'C32K19P3'),
(2285, 'belphegor', 'C32K19P1'),
(2286, 'benritmico', 'ARRGAME'),
(2287, 'berezin', 'COLARR'),
(2288, 'berezin', 'WALK'),
(2289, 'berezin', 'SGARDEN'),
(2290, 'berezin', 'MARRAYS'),
(2291, 'berezin', 'OJUMPS'),
(2292, 'berezin', 'ADIGIT'),
(2293, 'berezin', 'REVERSE'),
(2294, 'berezin', 'FROGV'),
(2295, 'berezin', 'CHEFGR'),
(2296, 'berezin', 'CHEFCH'),
(2297, 'bestankur007', 'NOPC1'),
(2298, 'bestankur007', 'NOPC2'),
(2299, 'bestankur007', 'NOPC3'),
(2300, 'bestankur007', 'NOPC4'),
(2301, 'bestankur007', 'NOPC5'),
(2302, 'bestankur007', 'NOPC6'),
(2303, 'bestankur007', 'NOPC7'),
(2304, 'bestankur007', 'NOPC8'),
(2305, 'bestankur007', 'NOPC9'),
(2306, 'bestankur007', 'NOPC10'),
(2307, 'bewithaman', 'IGNUS15C'),
(2308, 'bewithaman', 'IGNUS15D'),
(2309, 'bewithaman', 'IGNUS15E'),
(2310, 'bewithaman', 'IGNUS15A'),
(2311, 'bewithaman', 'IGNUS15B'),
(2312, 'bgs12020', 'BSP1'),
(2313, 'bgs12020', 'BSPDP0'),
(2314, 'bgs12020', 'BSPDP1'),
(2315, 'bgs12020', 'BSPDP2'),
(2316, 'bgs12020', 'BSPDP3'),
(2317, 'bgs12020', 'BSPSTR'),
(2318, 'bhagatdivesh21', 'DCC201'),
(2319, 'bhagatdivesh21', 'DCC202'),
(2320, 'bhagatdivesh21', 'DCC203'),
(2321, 'bhagatdivesh21', 'DCC205'),
(2322, 'bhagatdivesh21', 'DCC204'),
(2323, 'bhagatdivesh21', 'DCC206'),
(2324, 'bharat047', 'ECPC10C'),
(2325, 'bharat2002', 'MEMOLOG'),
(2326, 'bharat2002', 'GREEDYCH'),
(2327, 'bharat2002', 'GRAPHB'),
(2328, 'bharat2002', 'SUBAND'),
(2329, 'bharat2002', 'MINWORK'),
(2330, 'bharat2002', 'EXUNC'),
(2331, 'bharath96', 'ABCS04'),
(2332, 'bharath96', 'ABCS03'),
(2333, 'bharath96', 'ABCS01'),
(2334, 'bharath96', 'ABCS06'),
(2335, 'bharath96', 'ABCS05'),
(2336, 'bharath96', 'ABCS02'),
(2337, 'bharathg', 'NPLF18A'),
(2338, 'bharathg', 'NPLF18B'),
(2339, 'bharathg', 'NPLF18D'),
(2340, 'bharathg', 'NPLF18E'),
(2341, 'bharathg', 'NPLF18C'),
(2342, 'bharathg', 'NPLF18F'),
(2343, 'bharathg', 'CSNITWA'),
(2344, 'bharathg', 'CSNITWC'),
(2345, 'bharathg', 'CSNITWD'),
(2346, 'bharathg', 'CSNITWE'),
(2347, 'bhashkarjya', 'CGAU05'),
(2348, 'bhaskar_12', 'LPYR'),
(2349, 'bhaskar_12', 'AREA'),
(2350, 'bhaskar_12', 'DSTNC'),
(2351, 'bhaskar_12', 'SPCL'),
(2352, 'bhatiakartik10', 'CJQK01'),
(2353, 'bhatiakartik10', 'CJQK02'),
(2354, 'bhatiakartik10', 'CJQK04'),
(2355, 'bhatiakartik10', 'CJQK05'),
(2356, 'bhatiakartik10', 'CJQK03'),
(2357, 'bhavinjawade', 'CIIT01'),
(2358, 'bhavinjawade', 'CIIT02'),
(2359, 'bhavinjawade', 'CIIT03'),
(2360, 'bhavinjawade', 'CIIT04'),
(2361, 'bhavinjawade', 'CIIT05'),
(2362, 'bhavit_sharma', 'MODNIM'),
(2363, 'bhavit_sharma', 'DIVIS'),
(2364, 'bhavit_sharma', 'ADWAR'),
(2365, 'bhavit_sharma', 'BATGRAPH'),
(2366, 'bhavit_sharma', 'FGAME'),
(2367, 'bhavit_sharma', 'CHARR'),
(2368, 'bhavyarustgi10', 'SUBSPLAY'),
(2369, 'bhawnamait', 'ZEROES'),
(2370, 'bhawnamait', 'GRID01'),
(2371, 'bhawnamait', 'SCHEME01'),
(2372, 'bhawnamait', 'MOUSCH01'),
(2373, 'bhawnamait', 'LAZY01'),
(2374, 'bhawnamait', 'INLO01'),
(2375, 'bhawnamait', 'INLO02'),
(2376, 'bhawnamait', 'INLO03'),
(2377, 'bhawnamait', 'INLO04'),
(2378, 'bhawnamait', 'INLO05'),
(2379, 'biba2018', 'CHFRST'),
(2380, 'biba2018', 'GCTNM'),
(2381, 'biba2018', 'RCTSQR'),
(2382, 'bicolor', 'PARITREE'),
(2383, 'biconnected-components', 'ROUTES'),
(2384, 'big-integer', 'CNR'),
(2385, 'big-integer', 'STARROAD'),
(2386, 'big-integer-handling', 'GRIDCONN'),
(2387, 'big_oh1312', 'AVGLST'),
(2388, 'big_oh1312', 'JMPSRD'),
(2389, 'big_oh1312', 'BIGSA'),
(2390, 'big_oh1312', 'HNTRILD'),
(2391, 'biginteger', 'EXOCODE5'),
(2392, 'biginteger', 'RPH001'),
(2393, 'biginteger', 'WRDSUM'),
(2394, 'bignum', 'BINADD'),
(2395, 'bignum', 'LCH15JEF'),
(2396, 'bignum', 'LEBINARY'),
(2397, 'bignum', 'PLUSEQ'),
(2398, 'bignum', 'WRDSUM'),
(2399, 'bigo_admin', 'GTH'),
(2400, 'bigo_admin', 'WATSY'),
(2401, 'bigo_admin', 'SURF'),
(2402, 'bigo_admin', 'SACHGF'),
(2403, 'bigo_admin', 'WKIMAAL'),
(2404, 'bigo_admin', 'GTHER'),
(2405, 'bigo_admin', 'MELIG'),
(2406, 'bigo_admin', 'BUTYGEEK'),
(2407, 'bigo_admin', 'WAMU'),
(2408, 'bigo_admin', 'SGBH'),
(2409, 'bikram947', 'ROTSTR'),
(2410, 'biltharesatyendra', 'SRIBPLAY'),
(2411, 'binary', 'ACMICL2'),
(2412, 'binary', 'BANROB'),
(2413, 'binary', 'BINADD'),
(2414, 'binary', 'BINXOR'),
(2415, 'binary', 'CHFBINS'),
(2416, 'binary', 'CHFINT'),
(2417, 'binary', 'CL16BE'),
(2418, 'binary', 'DIVIDE'),
(2419, 'binary', 'INVERT'),
(2420, 'binary', 'KOL16H'),
(2421, 'binary-exponentation', 'ABX01'),
(2422, 'binary-exponentation', 'BIPIN3'),
(2423, 'binary-exponentation', 'CPERM'),
(2424, 'binary-exponentation', 'GOLDMINE'),
(2425, 'binary-exponentation', 'GUMP'),
(2426, 'binary-exponentation', 'OWCAFILE'),
(2427, 'binary-exponentation', 'WGHTNUM'),
(2428, 'binary-exponentation', 'XORTREEH'),
(2429, 'binary-heap', 'KAN13B'),
(2430, 'binary-indexed-tree', 'LAZER'),
(2431, 'binary-lifting', 'ARMYOFME'),
(2432, 'binary-lifting', 'BORDER'),
(2433, 'binary-lifting', 'CATS'),
(2434, 'binary-lifting', 'INQU2006'),
(2435, 'binary-lifting', 'MINMXSTR'),
(2436, 'binary-lifting', 'TREEDGE'),
(2437, 'binary-lifting', 'TREEWLK2'),
(2438, 'binary-lifting', 'UPDOTR'),
(2439, 'binary-numbers', 'BINSHFFL'),
(2440, 'binary-numbers', 'CNR'),
(2441, 'binary-search', 'ABX03'),
(2442, 'binary-search', 'ALIEN1'),
(2443, 'binary-search', 'ALIENIN'),
(2444, 'binary-search', 'ALLIANCE'),
(2445, 'binary-search', 'AMCAM'),
(2446, 'binary-search', 'AMIFIB'),
(2447, 'binary-search', 'AMR16C'),
(2448, 'binary-search', 'ANGLE'),
(2449, 'binary-search', 'ANUTDP'),
(2450, 'binary-search', 'ASHIGIFT'),
(2451, 'binary-search-tree', 'BEARSEG'),
(2452, 'binary-search-tree', 'KJCP01'),
(2453, 'binary-search-tree', 'MCO16503'),
(2454, 'binary-tree', 'BINTREE'),
(2455, 'binary-tree', 'BTREEKK'),
(2456, 'binary-tree', 'TASUFFIX'),
(2457, 'bionic_beaver', 'FIBDIFF'),
(2458, 'bionic_beaver', 'SPLNUM'),
(2459, 'bionic_beaver', 'HRSHBDAY'),
(2460, 'bionic_beaver', 'SPRUCE'),
(2461, 'bipartite', 'AGRAPH'),
(2462, 'bipartite', 'ANDMAT'),
(2463, 'bipartite', 'CAKE2AM'),
(2464, 'bipartite', 'CHFNFRN'),
(2465, 'bipartite', 'DEFECTS'),
(2466, 'bipartite', 'DIVIDE'),
(2467, 'bipartite', 'ECAPR208'),
(2468, 'bipartite', 'ELEPPOND'),
(2469, 'bipartite', 'FILLMTR'),
(2470, 'bipartite', 'FINDA'),
(2471, 'bipartite-matching', 'CHEFDAG'),
(2472, 'bipartiteness', 'RBTREES'),
(2473, 'bipin2', 'BIPIN3'),
(2474, 'bipin2', 'CHOCOLAT'),
(2475, 'bipin2', 'ACDEMY'),
(2476, 'bipin2', 'MDOSA'),
(2477, 'bipin2', 'NUMHOLMS'),
(2478, 'bipin2', 'LOC171'),
(2479, 'bipin2', 'LOC172'),
(2480, 'bipin2', 'PALLIND'),
(2481, 'bipin2', 'REMAIN'),
(2482, 'bipin2', 'ARMYFGT'),
(2483, 'bit-manipulation', 'ADDI'),
(2484, 'bit-manipulation', 'AMSEQT'),
(2485, 'bit-manipulation', 'ANDSQR'),
(2486, 'bit-manipulation', 'ANDTUPLE'),
(2487, 'bit-manipulation', 'BC205'),
(2488, 'bit-manipulation', 'BITMAGIC'),
(2489, 'bit-manipulation', 'CDVNT01A'),
(2490, 'bit-manipulation', 'CF226'),
(2491, 'bit-manipulation', 'CHEFAXR'),
(2492, 'bit-manipulation', 'CHEFD'),
(2493, 'bit22019', 'BIT2A'),
(2494, 'bit22019', 'BIT2B'),
(2495, 'bit22019', 'BIT2C'),
(2496, 'bit22019', 'GTN'),
(2497, 'bit22019', 'MATHL'),
(2498, 'bit22019', 'NMN'),
(2499, 'bitf2016', 'APJSWG'),
(2500, 'bitf2016', 'DMNTION'),
(2501, 'bitf2016', 'JUMBSTRY'),
(2502, 'bitf2016', 'SPECRK'),
(2503, 'bitf2016', 'THESAV'),
(2504, 'bitm2017', 'BITMASK1'),
(2505, 'bitm2017', 'BITMASK2'),
(2506, 'bitmasking', 'ADAROKS'),
(2507, 'bitmasking', 'ANNACAFE'),
(2508, 'bitmasking', 'CDZ14D'),
(2509, 'bitmasking', 'CHEFGORO'),
(2510, 'bitmasking', 'CHEFLST'),
(2511, 'bitmasking', 'CHEFOFR'),
(2512, 'bitmasking', 'CHEFSETC'),
(2513, 'bitmasking', 'CHN15F'),
(2514, 'bitmasking', 'CM1904'),
(2515, 'bitmasking', 'COMAPR04'),
(2516, 'bitset', 'ADDSQURE'),
(2517, 'bitset', 'CHEFQUE'),
(2518, 'bitset', 'EQDIV'),
(2519, 'bitset', 'MGCHGYM'),
(2520, 'bitset', 'RESCALC'),
(2521, 'bitset', 'SHAIKHGN'),
(2522, 'bitwise-and', 'ALORA3'),
(2523, 'bitwise-and', 'AND'),
(2524, 'bitwise-and', 'ANDSQR'),
(2525, 'bitwise-and', 'COEX02'),
(2526, 'bitwise-operation', 'ALR20E'),
(2527, 'bitwise-operation', 'ANDMAT'),
(2528, 'bitwise-operation', 'ANDMIN'),
(2529, 'bitwise-operation', 'ANDOR'),
(2530, 'bitwise-operation', 'AOA'),
(2531, 'bitwise-operation', 'ASYA1'),
(2532, 'bitwise-operation', 'ASYA2'),
(2533, 'bitwise-operation', 'BITMAGIC'),
(2534, 'bitwise-operation', 'CAKECUT'),
(2535, 'bitwise-operation', 'CHANDF'),
(2536, 'bitwise-or', 'NPLELE'),
(2537, 'bitwise-xor', 'ECPC10A'),
(2538, 'bitwise-xor', 'LEQEX'),
(2539, 'bk2dcradle', 'MAFIASYN'),
(2540, 'bk2dcradle', 'NOMATCH'),
(2541, 'bkarthikeyan28', 'SWAPS'),
(2542, 'bkarthikeyan28', 'MHTPAIR'),
(2543, 'bkarthikeyan28', 'PRDIV'),
(2544, 'bkarthikeyan28', 'MHTCLASS'),
(2545, 'bkarthikeyan28', 'MHTBAG'),
(2546, 'bkarthikeyan28', 'BYCD1605'),
(2547, 'bkarthikeyan28', 'BYCD1606'),
(2548, 'bkarthikeyan28', 'BYCD1603'),
(2549, 'bkarthikeyan28', 'BYCD1604'),
(2550, 'bkarthikeyan28', 'BYCD1607'),
(2551, 'black_hat1', 'BDMS'),
(2552, 'black_hat1', 'TRO'),
(2553, 'black_hat1', 'TA'),
(2554, 'black_hat1', 'DSI'),
(2555, 'black_hat1', 'BP'),
(2556, 'black_hat1', 'KLV'),
(2557, 'black_truce', 'BLCKXOR'),
(2558, 'black_truce', 'BLKAUATT'),
(2559, 'black_truce', 'BINXOR'),
(2560, 'black_well', 'REL103'),
(2561, 'black_well', 'REL101'),
(2562, 'black_well', 'REL102'),
(2563, 'black_well', 'REL104'),
(2564, 'black_well', 'REL201'),
(2565, 'black_well', 'REL202'),
(2566, 'black_well', 'REL203'),
(2567, 'black_well', 'REL204'),
(2568, 'black_well', 'REL205'),
(2569, 'blake_786', 'HARRYGOF'),
(2570, 'blake_786', 'HARRYDH2'),
(2571, 'blake_786', 'HARRYPSS'),
(2572, 'bluishgreen', 'TWOTOWER'),
(2573, 'bluishgreen', 'UNABLE'),
(2574, 'bluishgreen', 'FAMTREE'),
(2575, 'bluishgreen', 'FUNFES'),
(2576, 'bluishgreen', 'TOPTWO'),
(2577, 'bluishgreen', 'GOSTONES'),
(2578, 'bluishgreen', 'SPACE'),
(2579, 'bluishgreen', 'SOPC18C'),
(2580, 'bluishgreen', 'SOPC18D'),
(2581, 'bluishgreen', 'SOPC18A'),
(2582, 'blunderspride', 'ZGSEQ'),
(2583, 'blunderspride', 'QPAIRS'),
(2584, 'blunderspride', 'LVP'),
(2585, 'blunderspride', 'KTOUR'),
(2586, 'blunderspride', 'TOLL'),
(2587, 'blunderspride', 'ZIGZAGTR'),
(2588, 'blunderspride', 'MUPDO'),
(2589, 'blunderspride', 'BTREEKK'),
(2590, 'blunderspride', 'BOBLOCK'),
(2591, 'blunderspride', 'BSTRLCP'),
(2592, 'blup2019', 'AHAPH'),
(2593, 'blup2019', 'DIV4'),
(2594, 'blup2019', 'GRAPHCOL'),
(2595, 'blup2019', 'MOALP'),
(2596, 'bohdan', 'GUESSPRM'),
(2597, 'bohdan', 'LSTBTF'),
(2598, 'bohdan', 'PPDIV'),
(2599, 'bohdan', 'EQDIV'),
(2600, 'bombshot', 'KLPM'),
(2601, 'bora_naveen_7', 'CMEASY1'),
(2602, 'bora_naveen_7', 'CMEASY2'),
(2603, 'bora_naveen_7', 'CMMED1'),
(2604, 'bora_naveen_7', 'CMMED2'),
(2605, 'bora_naveen_7', 'CMHARD1'),
(2606, 'bora_naveen_7', 'COF1MED1'),
(2607, 'bora_naveen_7', 'COF1HAR1'),
(2608, 'bora_naveen_7', 'COF1MED2'),
(2609, 'bora_naveen_7', 'COF2E1'),
(2610, 'bora_naveen_7', 'COF2MED1'),
(2611, 'bottom-up', 'TREESORT'),
(2612, 'bound', 'PLUSEQ'),
(2613, 'boxer_1', 'TOS01'),
(2614, 'boxer_1', 'TOS02'),
(2615, 'boxer_1', 'TOS05'),
(2616, 'boxer_1', 'TOS03'),
(2617, 'boxer_1', 'TOS04'),
(2618, 'branch', 'PLUSEQ'),
(2619, 'branch-and-bound', 'GCDS'),
(2620, 'breadth-first-search', 'ABROADS'),
(2621, 'breadth-first-search', 'ADAKNG'),
(2622, 'breadth-first-search', 'ANUTDP'),
(2623, 'breadth-first-search', 'CDZ14C'),
(2624, 'breadth-first-search', 'CHEFARC'),
(2625, 'breadth-first-search', 'CHEFARMY'),
(2626, 'breadth-first-search', 'CHEFIHG'),
(2627, 'breadth-first-search', 'CLLEXO'),
(2628, 'breadth-first-search', 'DECUNI'),
(2629, 'breadth-first-search', 'DEFECTS'),
(2630, 'bridges', 'CHEFLAND'),
(2631, 'bridges', 'HTST9'),
(2632, 'bridges', 'INQU2005'),
(2633, 'bridges', 'INSQ16E'),
(2634, 'bridges', 'PRTWHY'),
(2635, 'brute-force', 'ADADISH'),
(2636, 'brute-force', 'APAIRS'),
(2637, 'brute-force', 'ATTND'),
(2638, 'brute-force', 'BDGFT'),
(2639, 'brute-force', 'BFTT'),
(2640, 'brute-force', 'CAC103'),
(2641, 'brute-force', 'CHALENGE'),
(2642, 'brute-force', 'CHANDF'),
(2643, 'brute-force', 'CHEFHPAL'),
(2644, 'brute-force', 'CHEFSETC'),
(2645, 'bst0602', 'CIT01'),
(2646, 'bst0602', 'CIT02'),
(2647, 'bst0602', 'CIT03'),
(2648, 'bst0602', 'CIT04'),
(2649, 'bst0602', 'CIT05'),
(2650, 'bthero', 'SUBSFREQ'),
(2651, 'bubble-sort', 'APJSWG'),
(2652, 'bubble-sort', 'QM6P5B'),
(2653, 'budabudimir', 'DIFFV'),
(2654, 'budabudimir', 'STRRMQ'),
(2655, 'bug2312', 'COWA4'),
(2656, 'bug2312', 'COWA7'),
(2657, 'bug2312', 'COWA3'),
(2658, 'bug2312', 'COWA5'),
(2659, 'bug2312', 'COWA6'),
(2660, 'bug2312', 'COWA8'),
(2661, 'bug2312', 'COWA2'),
(2662, 'bug2312', 'COWA1'),
(2663, 'buglife', 'PRMGD'),
(2664, 'butterfly994', 'DHPC1701'),
(2665, 'butterfly994', 'DHPC1702'),
(2666, 'butterfly994', 'DHPC1703'),
(2667, 'butterfly994', 'DHPC1704'),
(2668, 'butterfly994', 'DHPC1705'),
(2669, 'buzz_95', 'NCC1908'),
(2670, 'buzz_95', 'NCC1902'),
(2671, 'buzz_95', 'NCC1901'),
(2672, 'buzz_95', 'NCC1903'),
(2673, 'buzz_95', 'NCC1904'),
(2674, 'buzz_95', 'NCC1905'),
(2675, 'buzz_95', 'NCC1906'),
(2676, 'buzz_95', 'JCWC05'),
(2677, 'buzz_95', 'JCWC04'),
(2678, 'buzz_95', 'JCWC01'),
(2679, 'bvpcsi_2020', 'BVPCSI01'),
(2680, 'bvpcsi_2020', 'BVPCSI02'),
(2681, 'bvpcsi_2020', 'BVPCSI03'),
(2682, 'bvpcsi_2020', 'BVPCSI04'),
(2683, 'bvpcsi_2020', 'BVPCSI05'),
(2684, 'bvpcsi_2020', 'BVPCSI06'),
(2685, 'bytes2016', 'BYTES11'),
(2686, 'bytes2016', 'BYTES12'),
(2687, 'bytes2016', 'BYTES13'),
(2688, 'bytes2016', 'BYTES14'),
(2689, 'c', 'SSEC0001'),
(2690, 'c', 'ZEN1'),
(2691, 'c', 'ZEN2'),
(2692, 'c-plus-plus', 'AVGMED'),
(2693, 'c-plus-plus', 'AVVST'),
(2694, 'c-plus-plus', 'BBALLS'),
(2695, 'c-plus-plus', 'CMAN1'),
(2696, 'c-plus-plus', 'CMAN2'),
(2697, 'c-plus-plus', 'CMAN3'),
(2698, 'c-plus-plus', 'CMAN5'),
(2699, 'c-plus-plus', 'CMAN7'),
(2700, 'c-plus-plus', 'IATOYS'),
(2701, 'c-plus-plus', 'PTEST'),
(2702, 'dynamic-programming', 'ABDTOLL'),
(2703, 'dynamic-programming', 'ABX02'),
(2704, 'dynamic-programming', 'ACCBIP'),
(2705, 'dynamic-programming', 'ACM14AM3'),
(2706, 'dynamic-programming', 'ACM14AM5'),
(2707, 'dynamic-programming', 'ACM14KG5'),
(2708, 'dynamic-programming', 'ACM14KN2'),
(2709, 'dynamic-programming', 'ACM14KP4'),
(2710, 'dynamic-programming', 'ACMICL5'),
(2711, 'dynamic-programming', 'ADAFUN'),
(2712, 'graphs', 'ADAMTR'),
(2713, 'graphs', 'AGRAPH'),
(2714, 'graphs', 'ALTREE'),
(2715, 'graphs', 'AMC3'),
(2716, 'graphs', 'AMR16E'),
(2717, 'graphs', 'ARRGRAPH'),
(2718, 'graphs', 'AUSCRIC'),
(2719, 'graphs', 'AVGSHORT'),
(2720, 'graphs', 'BATMAN'),
(2721, 'graphs', 'BLOCKING'),
(2722, 'greedy', 'ABDTOLL'),
(2723, 'greedy', 'ACBALL'),
(2724, 'greedy', 'ACCBIP'),
(2725, 'greedy', 'ADAKNG'),
(2726, 'greedy', 'ALIENIN'),
(2727, 'greedy', 'AMBDAY'),
(2728, 'greedy', 'AMLPALIN'),
(2729, 'greedy', 'AMR15C'),
(2730, 'greedy', 'ANUBTG'),
(2731, 'greedy', 'ANUMLA'),
(2732, 'shortest-path', 'ALMROW'),
(2733, 'shortest-path', 'AVGSHORT'),
(2734, 'shortest-path', 'CLSHDN'),
(2735, 'shortest-path', 'COTA'),
(2736, 'shortest-path', 'EZDP'),
(2737, 'shortest-path', 'GUESSAGE'),
(2738, 'shortest-path', 'HOMDEL'),
(2739, 'shortest-path', 'HW3G'),
(2740, 'shortest-path', 'INLO33'),
(2741, 'shortest-path', 'KGP14G'),
(2742, 'segment-tree', 'AASHRAM'),
(2743, 'segment-tree', 'ACM14AM2'),
(2744, 'segment-tree', 'ACM14KG4'),
(2745, 'segment-tree', 'ACM14KN4'),
(2746, 'segment-tree', 'ACM14KP2'),
(2747, 'segment-tree', 'ACM14KP3'),
(2748, 'segment-tree', 'ACM14KP4'),
(2749, 'segment-tree', 'ADDMUL'),
(2750, 'segment-tree', 'ADITREE'),
(2751, 'segment-tree', 'ALORA6'),
(2752, 'trees', 'ABDTOLL'),
(2753, 'trees', 'AMAEXPER'),
(2754, 'trees', 'AMGIT'),
(2755, 'trees', 'ANUDTQ'),
(2756, 'trees', 'ASYA3'),
(2757, 'trees', 'AVVST'),
(2758, 'trees', 'BACREP'),
(2759, 'trees', 'BINTREE'),
(2760, 'trees', 'BLREDSET'),
(2761, 'trees', 'BLTOUR'),
(23679, 'bhushan_', 'WINLOSE'),
(23680, 'bhushan_', 'CHEFDI'),
(23681, 'bhushan_', 'CHEFMGC'),
(23682, 'bhushan_', 'CHEFPT'),
(23683, 'bhushan_', 'MTYFRI'),
(23684, 'bhushan_', 'ACYGPH'),
(23685, 'bhushan_', 'PRMGD'),
(23686, 'bhushan_', 'MOALP'),
(23687, 'bhushan_', 'SWIG19A'),
(23688, 'bhushan_', 'SWIG19B');

-- --------------------------------------------------------

--
-- Table structure for table `tags`
--

CREATE TABLE `tags` (
  `tag_name` varchar(150) NOT NULL,
  `type` varchar(150) NOT NULL,
  `count` int(11) NOT NULL
) ENGINE=InnoDB DEFAULT CHARSET=utf8mb4;

--
-- Dumping data for table `tags`
--

INSERT INTO `tags` (`tag_name`, `type`, `count`) VALUES
('12bit061', 'author', 4),
('2-d', 'actual_tag', 3),
('2-d-array', 'actual_tag', 6),
('2-d-prefixsum', 'actual_tag', 2),
('2-sat', 'actual_tag', 4),
('ACRush', 'author', 3),
('AnonymousBunny', 'author', 3),
('Chunky', 'author', 10),
('Debanjan', 'author', 10),
('a21603520', 'author', 4),
('a_g2009', 'author', 6),
('a_kk', 'author', 3),
('aa98', 'author', 1),
('aadesh_99', 'author', 4),
('aadil_tajani', 'author', 2),
('aadithyau', 'author', 5),
('aagg', 'author', 4),
('aaijmrt', 'author', 3),
('aalthafari', 'author', 4),
('aangairbender', 'author', 3),
('aaron2701', 'author', 5),
('aashish23', 'author', 5),
('aashu_k', 'author', 7),
('aashutosh001', 'author', 4),
('aatif20', 'author', 6),
('aayush1998', 'author', 15),
('aayush9', 'author', 6),
('aayushhindwan', 'author', 3),
('aayushindwan', 'author', 8),
('aayushme', 'author', 6),
('abacus18', 'actual_tag', 7),
('abacus_opc', 'author', 13),
('abbas', 'author', 2),
('abdul135', 'author', 1),
('abdullah768', 'author', 6),
('abeersethi', 'author', 8),
('abelyan', 'author', 2),
('abeyaar', 'author', 1),
('abhi1210', 'author', 4),
('abhi1agarwal', 'author', 1),
('abhi2402', 'author', 4),
('abhi935235', 'author', 2),
('abhi_1595', 'author', 15),
('abhi_jeet007', 'author', 1),
('abhiavi_1995', 'author', 1),
('abhics1', 'author', 5),
('abhidce2013', 'author', 7),
('abhigyan_floyd', 'author', 5),
('abhiheaven', 'author', 5),
('abhijeet010304', 'author', 2),
('abhijeet40308', 'author', 1),
('abhijith', 'author', 12),
('abhikiran', 'author', 6),
('abhirajphadnis', 'author', 16),
('abhiroop20', 'author', 4),
('abhirup02', 'author', 5),
('abhishalya', 'author', 3),
('abhishek20113', 'author', 6),
('abhishek__2007', 'author', 2),
('abhishek_coder', 'author', 5),
('abhist', 'author', 8),
('abhiy13', 'author', 3),
('abhra73', 'author', 8),
('abi_7845', 'author', 5),
('abishekrapaka', 'author', 5),
('abizerl123', 'author', 18),
('abrezj', 'author', 4),
('abx_2109', 'author', 4),
('ac09', 'author', 4),
('accedia_1', 'author', 5),
('accelmage', 'author', 8),
('accesss_denied', 'author', 6),
('acesprime', 'author', 8),
('acm-icpc', 'actual_tag', 9),
('acm15amr', 'actual_tag', 8),
('acm15chn', 'actual_tag', 12),
('acm15kol', 'actual_tag', 11),
('acm16', 'actual_tag', 5),
('acm16kol', 'actual_tag', 13),
('acm17chn', 'actual_tag', 11),
('acm17kgp', 'actual_tag', 11),
('acmamr12', 'actual_tag', 11),
('acmamr14', 'actual_tag', 5),
('acmamr15', 'actual_tag', 5),
('acmchn15', 'actual_tag', 6),
('acmind17', 'actual_tag', 4),
('acmkan13', 'actual_tag', 4),
('acmkan14', 'actual_tag', 4),
('acmkg14r', 'actual_tag', 5),
('acmkgp13', 'actual_tag', 4),
('acmkgp14', 'actual_tag', 5),
('acmkol15', 'actual_tag', 5),
('acses', 'author', 9),
('acses_2k18', 'author', 5),
('activity-selection', 'actual_tag', 2),
('acyume', 'author', 1),
('ad-hoc', 'actual_tag', 220),
('adarsh_sinhg', 'author', 1),
('adarshag', 'author', 3),
('addy_07', 'author', 6),
('adhyyan1252', 'author', 7),
('adi28galaxyak', 'author', 20),
('adiprogrammer', 'author', 10),
('adithya_ananth', 'author', 5),
('adithyav1511', 'author', 4),
('aditya', 'author', 3),
('aditya0903', 'author', 6),
('aditya10_', 'author', 5),
('aditya1495', 'author', 1),
('aditya2799', 'author', 9),
('aditya999123', 'author', 9),
('adityaa30', 'author', 6),
('adityad1998', 'author', 2),
('adityafacitoo', 'author', 4),
('adityarohan14', 'author', 6),
('adkroxx', 'author', 1),
('adlet_zeineken', 'author', 2),
('admin2', 'author', 169),
('admin3', 'author', 109),
('admin5', 'author', 5),
('admin6', 'author', 3),
('admin7', 'author', 1),
('adurysk', 'author', 15),
('aekd_adm', 'author', 1),
('aert', 'author', 3),
('agarwalaayush', 'author', 5),
('agent_123', 'author', 2),
('ahmad_salah', 'author', 2),
('ahnonymous007', 'author', 15),
('aho-corasick', 'actual_tag', 4),
('aichemzee', 'author', 5),
('aimon123', 'author', 4),
('aitamsac', 'author', 5),
('ajay1999', 'author', 1),
('ajaybgunjal199', 'author', 23),
('ajitesh14', 'author', 14),
('ajkrish95', 'author', 4),
('ajusi', 'author', 11),
('ak9315', 'author', 1),
('akarun', 'author', 9),
('akash1rakshit', 'author', 2),
('akash4983', 'author', 4),
('akash_adm', 'author', 4),
('akashbhalotia', 'actual_tag', 22),
('akashdeep_uiet', 'author', 12),
('akashpatil219', 'author', 13),
('akashratan', 'author', 4),
('akashsingh3031', 'author', 4),
('akasian_1998', 'author', 1),
('akay_99', 'author', 11),
('akhiay54', 'author', 1),
('akhil62', 'author', 10),
('akhilravidas', 'author', 2),
('akil_av17', 'author', 8),
('akku_bigasia', 'author', 4),
('akriiit2017', 'author', 5),
('akshaj', 'author', 25),
('akshatgirdhar8', 'author', 2),
('akshatjain2209', 'author', 11),
('akshay125', 'author', 2),
('akshay_07cf', 'author', 5),
('akshay_294', 'author', 4),
('akshayakgec', 'author', 17),
('akshaykolte_17', 'author', 5),
('akshayrajp', 'author', 16),
('akshayvenkat97', 'author', 29),
('akulsareen', 'author', 7),
('alankar_mali', 'author', 10),
('albatross____', 'author', 1),
('alcatraz24', 'author', 6),
('aleex', 'author', 1),
('alei', 'author', 52),
('alex77', 'author', 1),
('alex_2oo8', 'author', 17),
('alexey_adm', 'author', 3),
('alexmathew', 'author', 6),
('alexvaleanu', 'author', 8),
('algebra', 'actual_tag', 5),
('algo1601', 'actual_tag', 2),
('algofuzz', 'author', 8),
('algophobic', 'actual_tag', 4),
('algorithm', 'actual_tag', 12),
('aliencoder_07', 'author', 3),
('allllekssssa', 'author', 13),
('alohomora', 'actual_tag', 6),
('aloochaat1998', 'author', 3),
('alph2016', 'actual_tag', 4),
('alphastar', 'author', 6),
('alphatron99', 'author', 13),
('alra2020', 'actual_tag', 6),
('altruist_', 'author', 10),
('alzp2016', 'actual_tag', 2),
('alzr2016', 'actual_tag', 3),
('aman1108', 'author', 3),
('aman8050', 'author', 5),
('aman871988', 'author', 5),
('aman_58472', 'author', 11),
('aman_robotics', 'author', 5),
('amandeep224', 'author', 6),
('amanjain15', 'author', 1),
('amanmittal', 'author', 8),
('amarentheran', 'author', 11),
('amazingrainbow', 'author', 5),
('ambarpal', 'author', 6),
('ambivertsam', 'author', 6),
('amit_dwivedi', 'author', 1),
('amit_yadav0', 'author', 2),
('amitesh1999', 'author', 5),
('amitpandeykgp', 'author', 21),
('amitrc17', 'author', 10),
('amittodkar', 'author', 2),
('amitujha101', 'author', 6),
('ammitkumar', 'author', 6),
('amoghaithal', 'author', 6),
('amolambkar', 'author', 5),
('amortized-analysis', 'actual_tag', 5),
('amr14ros', 'actual_tag', 8),
('amr16', 'actual_tag', 5),
('amr16mos', 'actual_tag', 1),
('amritapuri', 'actual_tag', 1),
('amrmahmoud', 'author', 1),
('amsc2015', 'actual_tag', 1),
('an261998', 'author', 5),
('anachor', 'author', 4),
('anagram', 'actual_tag', 1),
('anamjigar', 'author', 5),
('anand20', 'actual_tag', 10),
('anant_1234', 'author', 7),
('anant_infinity', 'author', 3),
('anas_m0hammad', 'author', 6),
('anay07', 'author', 1),
('ancestors', 'actual_tag', 1),
('anchal_29', 'author', 8),
('andreab3301', 'author', 1),
('andrei1998', 'author', 3),
('aneesh2312', 'author', 2),
('anhdq', 'author', 19),
('aniketakgec', 'author', 6),
('aniketlpu123', 'author', 4),
('animesh_f', 'author', 6),
('anjali_190300', 'author', 2),
('anjali_s', 'author', 6),
('anjantint', 'author', 5),
('anjn98', 'author', 2),
('ankit15', 'author', 1),
('ankit_ism', 'author', 8),
('ankit_tripathi', 'author', 5),
('ankitbabbar', 'author', 13),
('ankitjha97', 'author', 6),
('ankitvermajnp', 'author', 2),
('ankul_iiita', 'author', 2),
('ankur2409', 'author', 1),
('ankurgoel7373', 'author', 8),
('ankurverma1994', 'author', 11),
('ankushboss', 'author', 1),
('ankushgarg1998', 'author', 5),
('ankushkhanna', 'author', 16),
('ankushsoni96', 'author', 2),
('anmol1point0', 'author', 5),
('anmol21', 'author', 3),
('anmolrishi', 'author', 1),
('anonymous1994', 'author', 4),
('anonymous_b0y', 'author', 5),
('anshika1709', 'author', 5),
('anshitagarwal', 'author', 12),
('anshuman_singh', 'author', 8),
('anto777', 'author', 3),
('anton_lunyov', 'author', 37),
('anton_trygub', 'author', 7),
('antoniuk1', 'author', 25),
('anu2506', 'author', 4),
('anu_020815', 'author', 6),
('anudeep2011', 'author', 19),
('anuj64', 'author', 5),
('anuj_2106', 'author', 5),
('anujdimri25', 'author', 11),
('anukul', 'author', 1),
('anuraganand', 'author', 7),
('anuska_18', 'author', 1),
('anwar_5256', 'author', 4),
('aoc2020', 'actual_tag', 5),
('aonl18', 'actual_tag', 7),
('apamit11', 'author', 7),
('aparup_ghosh', 'actual_tag', 2),
('apoorv_j', 'author', 7),
('april10', 'actual_tag', 6),
('april11', 'actual_tag', 6),
('april12', 'actual_tag', 10),
('april13', 'actual_tag', 10),
('april14', 'actual_tag', 10),
('april15', 'actual_tag', 10),
('april16', 'actual_tag', 9),
('april17', 'actual_tag', 10),
('april18', 'actual_tag', 12),
('april19', 'actual_tag', 10),
('april20', 'actual_tag', 11),
('apurv121196', 'author', 4),
('apurvchandel', 'author', 5),
('apurvsinghgaut', 'author', 6),
('ar56', 'author', 4),
('araajput', 'author', 5),
('aranta', 'author', 8),
('arbitrary-precision', 'actual_tag', 1),
('archit203', 'author', 5),
('architk', 'author', 15),
('architkaila', 'author', 3),
('area', 'actual_tag', 2),
('aref111n', 'author', 2),
('arghya_n', 'author', 3),
('arikpamnani', 'author', 2),
('arindam168', 'author', 2),
('arithmetic-geometric-progression', 'actual_tag', 1),
('arithmetic-progression', 'actual_tag', 11),
('aritra1999', 'author', 6),
('arjun8115', 'author', 2),
('arjunarul', 'author', 5),
('arjunarul_adm', 'author', 2),
('arjungawali111', 'author', 8),
('arnavch', 'author', 12),
('arnie8991', 'author', 12),
('arpa', 'author', 10),
('arpanb8', 'author', 5),
('arpanlepcha', 'author', 3),
('arpanmahato29', 'author', 3),
('arpit_729', 'author', 9),
('arpitdec5', 'author', 19),
('array', 'actual_tag', 70),
('ars2117', 'author', 6),
('arthurfn', 'author', 5),
('arti111', 'author', 1),
('arun08', 'author', 5),
('arun139', 'author', 16),
('arup_akc', 'author', 6),
('arvchamp', 'author', 11),
('arvindpunk', 'author', 1),
('aryanag_adm', 'author', 8),
('asdzxc1', 'author', 3),
('aseemraj', 'author', 1),
('ash0904', 'author', 7),
('ash1794', 'author', 2),
('ashish1610', 'author', 7),
('ashish_arora', 'author', 9),
('ashishgup', 'author', 3),
('ashishrko', 'author', 5),
('ashishsingh52', 'author', 1),
('ashkmr574', 'author', 6),
('ashley_27', 'author', 5),
('ashmew2', 'author', 7),
('ashpazbashi', 'author', 3),
('ashu181998', 'author', 1),
('ashutoshgngwr', 'author', 13),
('ashwanth2003', 'author', 4),
('ashwin_jain', 'author', 1),
('assasin143', 'author', 5),
('astoria', 'author', 3),
('aswin_rajeev95', 'author', 3),
('aswinashok44', 'author', 8),
('atulag', 'author', 9),
('atulbi', 'author', 5),
('atulmaster', 'author', 8),
('atulsharma432', 'author', 7),
('audiovideoimag', 'author', 1),
('aug10', 'actual_tag', 6),
('aug11', 'actual_tag', 5),
('aug12', 'actual_tag', 10),
('aug13', 'actual_tag', 10),
('aug14', 'actual_tag', 10),
('aug15', 'actual_tag', 10),
('aug16', 'actual_tag', 10),
('aug17', 'actual_tag', 9),
('aug18', 'actual_tag', 10),
('aug19', 'actual_tag', 11),
('aug20', 'actual_tag', 10),
('augmenting-path', 'actual_tag', 1),
('auk_itclub', 'author', 13),
('aust2016', 'actual_tag', 10),
('auxiliary-tree', 'actual_tag', 4),
('avanisakhapara', 'author', 1),
('avastpulkit', 'author', 8),
('avd_0', 'author', 7),
('avenger786', 'author', 3),
('avi130698', 'author', 8),
('avi224', 'author', 13),
('avi892nash', 'author', 2),
('avijit_agarwal', 'author', 5),
('avikghosh', 'author', 4),
('avinashroshan', 'author', 4),
('aviroop123', 'author', 3),
('avl', 'actual_tag', 1),
('awaracoder', 'author', 6),
('ay2306', 'author', 3),
('ayush163', 'author', 18),
('ayushbgl', 'author', 3),
('ayushkmr', 'author', 6),
('b_aditya', 'author', 3),
('babangain', 'author', 15),
('babjineelam', 'author', 2),
('babuzebi', 'author', 8),
('backtracking', 'actual_tag', 12),
('bajinkya', 'author', 7),
('balajiganapath', 'author', 24),
('balakrishnan_v', 'author', 1),
('balanced-parentheses', 'actual_tag', 2),
('balanced-tree', 'actual_tag', 1),
('ballon_ziq', 'author', 8),
('bansalanjali', 'author', 15),
('bansalraghav19', 'author', 7),
('baqir', 'author', 5),
('barenuz', 'author', 9),
('basic', 'actual_tag', 8),
('basic-math', 'actual_tag', 1),
('basic-programming', 'actual_tag', 23),
('bb_1', 'author', 5),
('bciobanu', 'author', 20),
('bdyutish', 'author', 4),
('beast_slayer07', 'author', 1),
('beginner', 'actual_tag', 4),
('beginners', 'actual_tag', 1),
('behalgitanshu', 'author', 6),
('bellman-ford', 'actual_tag', 5),
('belowthebelt', 'author', 2),
('belphegor', 'author', 3),
('benritmico', 'author', 1),
('berezin', 'author', 44),
('bestankur007', 'author', 10),
('bewithaman', 'author', 5),
('bezout-identity', 'actual_tag', 2),
('bgs12020', 'actual_tag', 6),
('bhagatdivesh21', 'author', 6),
('bharat047', 'author', 1),
('bharat2002', 'author', 6),
('bharath96', 'author', 6),
('bharathg', 'author', 12),
('bhashkarjya', 'author', 1),
('bhaskar_12', 'author', 4),
('bhatiakartik10', 'author', 5),
('bhavinjawade', 'author', 5),
('bhavit_sharma', 'author', 6),
('bhavyarustgi10', 'author', 1),
('bhawnamait', 'author', 10),
('bhushan_', 'author', 14),
('biba2018', 'actual_tag', 3),
('bicb2019', 'actual_tag', 6),
('bicolor', 'actual_tag', 1),
('biconnected-components', 'actual_tag', 1),
('big-integer', 'actual_tag', 2),
('big-integer-handling', 'actual_tag', 1),
('big_oh1312', 'author', 4),
('biginteger', 'actual_tag', 3),
('bignum', 'actual_tag', 5),
('bigo_admin', 'author', 20),
('bikram947', 'author', 1),
('biltharesatyendra', 'author', 1),
('binary', 'actual_tag', 12),
('binary-exponentation', 'actual_tag', 8),
('binary-heap', 'actual_tag', 1),
('binary-indexed-tree', 'actual_tag', 1),
('binary-lifting', 'actual_tag', 8),
('binary-numbers', 'actual_tag', 2),
('binary-search', 'actual_tag', 142),
('binary-search-tree', 'actual_tag', 3),
('binary-tree', 'actual_tag', 3),
('binay-operations', 'actual_tag', 1),
('binomial-theorem', 'actual_tag', 6),
('bionic_beaver', 'author', 4),
('bipartite', 'actual_tag', 20),
('bipartite-matching', 'actual_tag', 1),
('bipartiteness', 'actual_tag', 1),
('bipin2', 'author', 12),
('bit-manipulation', 'actual_tag', 48),
('bit22019', 'actual_tag', 6),
('bitf2016', 'actual_tag', 5),
('bitm2017', 'actual_tag', 2),
('bitmasking', 'actual_tag', 28),
('bitset', 'actual_tag', 6),
('bitwise-and', 'actual_tag', 4),
('bitwise-operation', 'actual_tag', 46),
('bitwise-or', 'actual_tag', 1),
('bitwise-xor', 'actual_tag', 2),
('bk2dcradle', 'author', 2),
('bkarthikeyan28', 'author', 15),
('black_hat1', 'author', 6),
('black_truce', 'author', 3),
('black_well', 'author', 9),
('blake_786', 'author', 3),
('bluishgreen', 'author', 42),
('blunderspride', 'author', 10),
('blup2019', 'actual_tag', 4),
('bohdan', 'author', 4),
('bombshot', 'author', 1),
('bora_naveen_7', 'author', 19),
('bottom-up', 'actual_tag', 1),
('bound', 'actual_tag', 1),
('boxer_1', 'author', 5),
('branch', 'actual_tag', 1),
('branch-and-bound', 'actual_tag', 1),
('breadth-first-search', 'actual_tag', 46),
('bridges', 'actual_tag', 5),
('brute-force', 'actual_tag', 49),
('bst0602', 'author', 5),
('bthero', 'author', 1),
('bubble-sort', 'actual_tag', 2),
('budabudimir', 'author', 2),
('bug2312', 'author', 8),
('buglife', 'actual_tag', 1),
('burnside-lemma', 'actual_tag', 2),
('butterfly994', 'author', 5),
('buzz_95', 'author', 13),
('bvpcsi_2020', 'author', 6),
('bytes2016', 'actual_tag', 4),
('c', 'actual_tag', 3),
('c-plus-plus', 'actual_tag', 20),
('c_akanksha28', 'author', 3),
('c_cube_iist', 'author', 5),
('cace2020', 'actual_tag', 6),
('cafe2020', 'actual_tag', 6),
('cakewalk', 'actual_tag', 427),
('calc_saransh', 'author', 2),
('calculus', 'actual_tag', 1),
('calendar', 'actual_tag', 1),
('callkalpa', 'author', 3),
('carmichael-function', 'actual_tag', 1),
('carre', 'author', 1),
('catalan-number', 'actual_tag', 2),
('cath2019', 'actual_tag', 5),
('cauchy-schwarz-inequality', 'actual_tag', 1),
('cbenu4cse15352', 'author', 5),
('cbenu4cse15353', 'author', 5),
('ccod2020', 'actual_tag', 5),
('ccpc2019', 'actual_tag', 6),
('cdcrft14', 'actual_tag', 6),
('cdcrnt14', 'actual_tag', 3),
('cdev', 'author', 5),
('cdfi2016', 'actual_tag', 3),
('cdit2016', 'actual_tag', 6),
('cdqu2014', 'actual_tag', 4),
('cdsq2020', 'actual_tag', 3),
('cdva16', 'actual_tag', 9),
('cdwr2016', 'actual_tag', 8),
('cdzl14', 'actual_tag', 4),
('cenadar', 'author', 12),
('cenation092', 'author', 5),
('cens2020', 'actual_tag', 7),
('centroid-decomposition', 'actual_tag', 16),
('cerebration', 'author', 7),
('cfea2018', 'actual_tag', 4),
('cgy4ever', 'author', 9),
('chaitanya1999', 'author', 11),
('chakravartinsb', 'author', 3),
('challenge', 'actual_tag', 95),
('challenge-problem', 'actual_tag', 3),
('chamathpali', 'author', 4),
('chandanbanerje', 'author', 15),
('chandracoder', 'author', 5),
('chandubaba', 'author', 71),
('channabankapur', 'author', 4),
('charulsharma57', 'author', 2),
('charvee', 'author', 3),
('cheatham', 'author', 5),
('checker5', 'author', 8),
('chef', 'actual_tag', 2),
('chemthan', 'author', 21),
('cherry0697', 'author', 9),
('chess', 'actual_tag', 2),
('chhekur', 'author', 6),
('chickerursr', 'author', 6),
('chief_nightowl', 'author', 3),
('chigu', 'author', 2),
('chil2020', 'actual_tag', 8),
('chinese-remainder-theorem', 'actual_tag', 4),
('chinmay_kabi', 'author', 6),
('chint7392', 'author', 4),
('chiraag3200', 'author', 2),
('chirag11032000', 'author', 2),
('chirag_mathur', 'author', 1),
('chiragmittal', 'author', 5),
('chn17rol', 'actual_tag', 11),
('chordal-graph', 'actual_tag', 1),
('chptrs01', 'actual_tag', 6),
('chrl3', 'actual_tag', 1),
('chtree', 'actual_tag', 1),
('chttrje', 'author', 3),
('chw22020', 'actual_tag', 7),
('chw32020', 'actual_tag', 8),
('cingumes', 'author', 4),
('cipher21', 'author', 11),
('citransvostok', 'author', 3),
('cjinc_121', 'author', 3),
('clag2020', 'actual_tag', 3),
('claudy', 'author', 1),
('clco2015', 'actual_tag', 8),
('cliffesto', 'author', 5),
('cman2020', 'actual_tag', 5),
('cmrcse', 'author', 8),
('cms22020', 'actual_tag', 6),
('cnmp2019', 'actual_tag', 4),
('cnst2020', 'actual_tag', 7),
('cnvx2020', 'actual_tag', 4),
('cnxh2020', 'actual_tag', 4),
('cobe2019', 'actual_tag', 5),
('cobl2016', 'actual_tag', 5),
('coca2020', 'actual_tag', 6),
('coco2019', 'actual_tag', 3),
('cocr2016', 'actual_tag', 4),
('codaitya', 'author', 14),
('code2015', 'actual_tag', 1),
('code__champ', 'author', 5),
('code_buster123', 'author', 68),
('code_dreamer', 'author', 10),
('code_greek', 'author', 2),
('code_hard123', 'author', 18),
('code_master01', 'author', 8),
('code_note', 'author', 1),
('code_sniper_', 'author', 2),
('codechef', 'actual_tag', 12),
('codechefsrm', 'author', 24),
('codecheftsec', 'author', 24),
('codedude19', 'author', 1),
('codefight', 'actual_tag', 5),
('codeict', 'author', 6),
('codeislands', 'author', 7),
('codemaster3840', 'author', 1),
('codemaster_tx', 'author', 4),
('codemelange', 'actual_tag', 3),
('codenite_admin', 'author', 9),
('codeout', 'actual_tag', 1),
('codepatch', 'author', 4),
('coder_tintin', 'author', 3),
('coder_yash_23', 'author', 1),
('coderak', 'author', 5),
('coderanant', 'author', 3),
('coderusher1', 'author', 17),
('codex0196', 'author', 7),
('codh2018', 'actual_tag', 6),
('codigo2k18', 'actual_tag', 6),
('coding_freak', 'author', 5),
('coding_killer', 'author', 4),
('codingcapo', 'author', 5),
('codingso101', 'author', 2),
('codonfest123', 'author', 4),
('codopediac3', 'author', 13),
('codr2018', 'actual_tag', 6),
('codracker_m', 'author', 6),
('codstar', 'author', 5),
('cofi1601', 'actual_tag', 5),
('cogf2019', 'actual_tag', 4),
('cognizance2016', 'author', 19),
('coha2019', 'actual_tag', 6),
('coit2016', 'actual_tag', 4),
('coldnights1', 'author', 2),
('cole2016', 'actual_tag', 7),
('cole2018', 'actual_tag', 6),
('cole2019', 'actual_tag', 6),
('cole2020', 'actual_tag', 7),
('colg2016', 'actual_tag', 6),
('colg2020', 'actual_tag', 5),
('com2018', 'actual_tag', 7),
('combinatorics', 'actual_tag', 136),
('commandoak47', 'author', 1),
('complexity', 'actual_tag', 4),
('compression', 'actual_tag', 1),
('computational', 'actual_tag', 2),
('computational-geometry', 'actual_tag', 4),
('comt2020', 'actual_tag', 5),
('comx2020', 'actual_tag', 5),
('comy2019', 'actual_tag', 8),
('condition', 'actual_tag', 1),
('conditional-statement', 'actual_tag', 10),
('connected', 'actual_tag', 2),
('construction', 'actual_tag', 4),
('constructive', 'actual_tag', 39),
('contest', 'actual_tag', 17),
('context-free-grammar', 'actual_tag', 1),
('contribution', 'actual_tag', 1),
('convex-hull', 'actual_tag', 26),
('convex-polygon', 'actual_tag', 2),
('convolution', 'actual_tag', 4),
('cook-off', 'actual_tag', 27),
('cook01', 'actual_tag', 3),
('cook02', 'actual_tag', 5),
('cook03', 'actual_tag', 5),
('cook04', 'actual_tag', 5),
('cook05', 'actual_tag', 5),
('cook06', 'actual_tag', 5),
('cook07', 'actual_tag', 5),
('cook08', 'actual_tag', 5),
('cook09', 'actual_tag', 5),
('cook10', 'actual_tag', 5),
('cook100', 'actual_tag', 6),
('cook101', 'actual_tag', 6),
('cook103', 'actual_tag', 6),
('cook104', 'actual_tag', 7),
('cook105', 'actual_tag', 7),
('cook106', 'actual_tag', 7),
('cook107', 'actual_tag', 7),
('cook108', 'actual_tag', 7),
('cook109', 'actual_tag', 7),
('cook11', 'actual_tag', 5),
('cook110', 'actual_tag', 7),
('cook111', 'actual_tag', 7),
('cook112', 'actual_tag', 7),
('cook113', 'actual_tag', 7),
('cook114', 'actual_tag', 7),
('cook115', 'actual_tag', 7),
('cook116', 'actual_tag', 7),
('cook117', 'actual_tag', 7),
('cook118', 'actual_tag', 7),
('cook119', 'actual_tag', 7),
('cook12', 'actual_tag', 5),
('cook120', 'actual_tag', 8),
('cook121', 'actual_tag', 7),
('cook122', 'actual_tag', 7),
('cook123', 'actual_tag', 8),
('cook13', 'actual_tag', 5),
('cook14', 'actual_tag', 5),
('cook15', 'actual_tag', 5),
('cook16', 'actual_tag', 5),
('cook17', 'actual_tag', 5),
('cook18', 'actual_tag', 5),
('cook19', 'actual_tag', 5),
('cook20', 'actual_tag', 5),
('cook21', 'actual_tag', 5),
('cook22', 'actual_tag', 5),
('cook23', 'actual_tag', 5),
('cook24', 'actual_tag', 5),
('cook25', 'actual_tag', 5),
('cook26', 'actual_tag', 5),
('cook27', 'actual_tag', 5),
('cook28', 'actual_tag', 5),
('cook29', 'actual_tag', 5),
('cook30', 'actual_tag', 5),
('cook31', 'actual_tag', 5),
('cook32', 'actual_tag', 5),
('cook33', 'actual_tag', 5),
('cook34', 'actual_tag', 5),
('cook35', 'actual_tag', 5),
('cook36', 'actual_tag', 5),
('cook37', 'actual_tag', 5),
('cook38', 'actual_tag', 5),
('cook39', 'actual_tag', 5),
('cook40', 'actual_tag', 5),
('cook41', 'actual_tag', 5),
('cook42', 'actual_tag', 5),
('cook43', 'actual_tag', 5),
('cook44', 'actual_tag', 5),
('cook45', 'actual_tag', 5),
('cook46', 'actual_tag', 5),
('cook47', 'actual_tag', 5),
('cook48', 'actual_tag', 5),
('cook49', 'actual_tag', 5),
('cook50', 'actual_tag', 5),
('cook51', 'actual_tag', 5),
('cook52', 'actual_tag', 5),
('cook53', 'actual_tag', 5),
('cook54', 'actual_tag', 5),
('cook55', 'actual_tag', 5),
('cook56', 'actual_tag', 5),
('cook57', 'actual_tag', 5),
('cook58', 'actual_tag', 5),
('cook59', 'actual_tag', 5),
('cook60', 'actual_tag', 5),
('cook61', 'actual_tag', 5),
('cook62', 'actual_tag', 5),
('cook63', 'actual_tag', 5),
('cook64', 'actual_tag', 5),
('cook65', 'actual_tag', 5),
('cook66', 'actual_tag', 5),
('cook67', 'actual_tag', 5),
('cook68', 'actual_tag', 5),
('cook69', 'actual_tag', 5),
('cook70', 'actual_tag', 5),
('cook71', 'actual_tag', 5),
('cook72', 'actual_tag', 5),
('cook73', 'actual_tag', 5),
('cook74', 'actual_tag', 5),
('cook75', 'actual_tag', 5),
('cook76', 'actual_tag', 5),
('cook77', 'actual_tag', 5),
('cook78', 'actual_tag', 5),
('cook79', 'actual_tag', 5),
('cook80', 'actual_tag', 5),
('cook81', 'actual_tag', 5),
('cook82', 'actual_tag', 4),
('cook83', 'actual_tag', 5),
('cook84', 'actual_tag', 5),
('cook85', 'actual_tag', 5),
('cook86', 'actual_tag', 6),
('cook87', 'actual_tag', 4),
('cook88', 'actual_tag', 5),
('cook89', 'actual_tag', 5),
('cook90', 'actual_tag', 5),
('cook91', 'actual_tag', 5),
('cook92', 'actual_tag', 6),
('cook93', 'actual_tag', 6),
('cook94', 'actual_tag', 6),
('cook95', 'actual_tag', 6),
('cook96', 'actual_tag', 5),
('cook97', 'actual_tag', 6),
('cook98', 'actual_tag', 6),
('cook99', 'actual_tag', 6),
('coolboy95', 'author', 1),
('coolmanishks', 'author', 5),
('coolreshab', 'author', 1),
('coordinate', 'actual_tag', 1),
('coordinate-compression', 'actual_tag', 1),
('coow2019', 'actual_tag', 5),
('copr2016', 'actual_tag', 7),
('copr2020', 'actual_tag', 4),
('cord2019', 'actual_tag', 7),
('corner-case', 'actual_tag', 1),
('corp2018', 'actual_tag', 5),
('coru2016', 'actual_tag', 1),
('coss2020', 'actual_tag', 6),
('cost2016', 'actual_tag', 5),
('cote2020', 'actual_tag', 6),
('coth2017', 'actual_tag', 3),
('counting-sort', 'actual_tag', 13),
('cove2020', 'actual_tag', 8),
('cow42020', 'actual_tag', 6),
('cowc2020', 'actual_tag', 7),
('cowr2020', 'actual_tag', 5),
('cpp', 'actual_tag', 2),
('cprgdaksh', 'author', 4),
('crackj09', 'author', 5),
('cranium2014', 'actual_tag', 5),
('cravindra', 'author', 2),
('credenz', 'author', 6),
('crick_', 'author', 5),
('cros2020', 'actual_tag', 9),
('cross-product', 'actual_tag', 2),
('crsh2020', 'actual_tag', 5),
('cs1120him', 'author', 2),
('csaapogee', 'author', 8),
('cse101_iiitd', 'author', 3),
('cseaiitg', 'author', 4),
('csikc', 'author', 5),
('csirubix', 'author', 8),
('ctem2020', 'actual_tag', 5),
('cupo2020', 'actual_tag', 6),
('cuttingedge03', 'author', 5),
('cvtharun', 'author', 6),
('cvxh2020', 'actual_tag', 3),
('cwtc2020', 'actual_tag', 4),
('cyberneo', 'author', 3),
('cycle', 'actual_tag', 3),
('cyclic-rotation', 'actual_tag', 1),
('cyk-algorithm', 'actual_tag', 1),
('cypher0900', 'author', 5),
('cypher101', 'author', 119),
('czen2020', 'actual_tag', 6),
('d3vam', 'author', 10),
('d_o_n', 'author', 1),
('d_s_2803', 'author', 5),
('daemon26', 'author', 4),
('dafuqusername', 'author', 7),
('daga_07', 'author', 11),
('daksh_sard', 'author', 5),
('dalakoti_sc', 'author', 7),
('dalgerok', 'author', 1),
('dangerstranger', 'author', 6),
('daniel_1999', 'author', 3),
('dark_archer', 'author', 5),
('darkfusion90', 'author', 3),
('darkshadows', 'author', 36),
('darshancool25', 'author', 1),
('data', 'actual_tag', 1),
('data-structure', 'actual_tag', 67),
('datatypes', 'actual_tag', 2),
('dave31', 'author', 20),
('dayanand1a13', 'author', 17),
('dbyz2014', 'actual_tag', 3),
('dcod2019', 'actual_tag', 7),
('dcpandey', 'author', 9),
('deadcode4', 'author', 8),
('deadline24', 'author', 13),
('deadpo0l', 'author', 8),
('deadshot_sb', 'author', 14),
('deadwing97', 'author', 15),
('dean_student', 'author', 3),
('deathcoder007', 'author', 6),
('deathsurgeon', 'author', 4),
('debjitdbb', 'author', 16),
('debug_entity_x', 'author', 2),
('debugster', 'author', 7),
('dec10', 'actual_tag', 6),
('dec11', 'actual_tag', 6),
('dec12', 'actual_tag', 10),
('dec13', 'actual_tag', 10),
('dec14', 'actual_tag', 10),
('dec15', 'actual_tag', 9),
('dec16', 'actual_tag', 5),
('dec17', 'actual_tag', 8),
('dec18', 'actual_tag', 6),
('dec19', 'actual_tag', 9),
('decipherblitz', 'author', 4),
('deco2020', 'actual_tag', 6),
('decoder_pheku', 'author', 10),
('deebhatia', 'author', 5),
('deepabhatt0801', 'author', 7),
('deepak1527', 'author', 1),
('deepak290701', 'author', 9),
('deepakbathala', 'author', 5),
('deepanshuvaid7', 'author', 1),
('deevyansha111', 'author', 4),
('defcodeking', 'author', 10),
('deft2019', 'actual_tag', 6),
('deluxurous', 'author', 1),
('dem2020', 'actual_tag', 4),
('dementia', 'actual_tag', 2),
('denis_music', 'author', 3),
('deo002', 'author', 1),
('depth-first-search', 'actual_tag', 98),
('derangement', 'actual_tag', 1),
('derivative', 'actual_tag', 1),
('desmond_kaneki', 'author', 5),
('determinant', 'actual_tag', 4),
('deva2802', 'author', 5),
('devamanyu', 'author', 20),
('devansh0307', 'author', 6),
('devarshi09', 'author', 1),
('devender123_', 'author', 4),
('devesh08', 'author', 1),
('devesh8091', 'author', 2),
('deveshranjan', 'author', 5),
('devil202', 'author', 1),
('devuy11', 'author', 26),
('deydebaditya', 'author', 3),
('dfs-order', 'actual_tag', 8),
('dfsgrid', 'actual_tag', 1),
('dgarrisi', 'author', 4),
('dhairya1431', 'author', 8),
('dhananjayjk', 'author', 9),
('dharmesh310', 'author', 3),
('dhaval242', 'author', 6),
('dhirajamin', 'author', 7),
('dhruv331', 'author', 2),
('dhruvkumar456', 'author', 2),
('dhussa_09', 'author', 7),
('dhwanitquark', 'author', 6),
('difference-array', 'actual_tag', 5),
('difference-sequence', 'actual_tag', 1),
('differentiation', 'actual_tag', 1),
('difficult', 'actual_tag', 1),
('digit-dp', 'actual_tag', 9),
('digu_j', 'author', 2),
('dijkstra-algorithm', 'actual_tag', 20),
('diksha11_', 'author', 5),
('dikshakatake', 'author', 3),
('dilworth-theorem', 'actual_tag', 1),
('dineshreddy36', 'author', 4),
('dinkar_pundir', 'author', 4),
('diogoaraujo', 'author', 5),
('dipikasingh', 'author', 8),
('diptanshu', 'author', 4),
('diptayan', 'author', 2),
('directed-acyclic-graph', 'actual_tag', 1),
('directed-graph', 'actual_tag', 4),
('dirichlet-convolution', 'actual_tag', 1),
('discrete-logarithm', 'actual_tag', 2),
('discrete-maths', 'actual_tag', 1),
('discretization', 'actual_tag', 1),
('disjoint-set-union', 'actual_tag', 31),
('distribution', 'actual_tag', 1),
('div_adm', 'author', 3),
('divanshu', 'author', 8),
('divas_jindal', 'author', 5),
('diveshuttam', 'author', 2),
('divide-and-conquer', 'actual_tag', 21),
('divide-combine-tree', 'actual_tag', 1),
('divij', 'author', 10),
('divisibility', 'actual_tag', 2),
('division', 'actual_tag', 2),
('divisors', 'actual_tag', 5),
('divyamarora', 'author', 4),
('divyambansal', 'author', 10),
('divyank1', 'author', 5),
('divyanshi26', 'author', 4),
('divyesh196', 'author', 5),
('divyevilking', 'author', 1),
('dj_r_1', 'author', 5),
('dk30390', 'author', 9),
('dk486036', 'author', 5),
('dmnt2016', 'actual_tag', 4),
('dojiboy9', 'author', 2),
('dolabmoon', 'author', 5),
('dominator', 'actual_tag', 1),
('double-ended-queue', 'actual_tag', 4),
('dp-bitmask', 'actual_tag', 1),
('dp-on-trees', 'actual_tag', 1),
('dpmittal', 'author', 5),
('dpraveen', 'author', 3),
('dpraveen_adm', 'author', 7),
('dpsp2020', 'actual_tag', 4),
('dqureshiumar', 'author', 1),
('dr_strange11', 'author', 22),
('dracula28', 'author', 1),
('dragonado', 'author', 2),
('dragonslayerx', 'author', 13),
('dragonzurfer', 'author', 4),
('droidkid', 'author', 6),
('drupesh97', 'author', 11),
('dsdaa_amrita', 'author', 18),
('dsec2013', 'actual_tag', 6),
('dshahid380', 'author', 7),
('dshahid380_', 'author', 15),
('dsu-on-tree', 'actual_tag', 2),
('dual-graph', 'actual_tag', 1),
('dushsingh1995', 'author', 12),
('dutsrat', 'author', 8),
('dvlpr_expert', 'author', 4),
('dvvr', 'author', 3),
('dvyn01', 'author', 7),
('dwij28', 'author', 27),
('dwwu2019', 'actual_tag', 11),
('dxdy', 'author', 13),
('dybbuk', 'author', 17),
('dynamic-disjoint-set', 'actual_tag', 1),
('dynamic-programming', 'actual_tag', 472),
('dynamixxv', 'author', 5),
('dzy493941464', 'author', 1),
('graphs', 'actual_tag', 172),
('greedy', 'actual_tag', 214),
('shortest-path', 'actual_tag', 19),
('segment-tree', 'actual_tag', 180),
('trees', 'actual_tag', 102);

-- --------------------------------------------------------

--
-- Table structure for table `users`
--

CREATE TABLE `users` (
  `id` int(11) NOT NULL,
  `name` varchar(250) NOT NULL,
  `username` varchar(250) NOT NULL,
  `email` varchar(250) NOT NULL,
  `password` varchar(250) NOT NULL
) ENGINE=InnoDB DEFAULT CHARSET=utf8mb4;

--
-- Dumping data for table `users`
--

INSERT INTO `users` (`id`, `name`, `username`, `email`, `password`) VALUES
(1, 'Admin', 'Admin', 'admin@cc.com', '123456'),
(2, 'kartik', 'kk_ban', 'kk@gmail.com', '12345678'),
(3, 'nandini', 'cf_expert', 'nan@gmail.com', '12345678'),
(4, 'mehta', 'mehtaji', 'nm@gmail.com', '123456');

-- --------------------------------------------------------

--
-- Table structure for table `user_tags`
--

CREATE TABLE `user_tags` (
  `id` int(11) NOT NULL,
  `user` varchar(250) NOT NULL,
  `qcode` varchar(250) NOT NULL,
  `tag` varchar(250) NOT NULL
) ENGINE=InnoDB DEFAULT CHARSET=utf8mb4;

--
-- Dumping data for table `user_tags`
--

INSERT INTO `user_tags` (`id`, `user`, `qcode`, `tag`) VALUES
(1, 'Admin', 'CDWY02', 'maths'),
(2, 'Admin', 'CDWY01', 'mass'),
(3, 'Admin', 'CDWY02', '5min'),
(4, 'Admin', 'CDWY01', 'maths'),
(5, 'Admin', 'CDWY02', 'differ'),
(6, 'Admin', 'CDWY03', 'xxorx'),
(8, 'Admin', 'SWAPMATR', 'k'),
(9, 'cf_expert', 'TECW01', 'maker'),
(10, 'admin', 'CDWY03', 'tx'),
(11, 'Admin', 'CDWY02', 'new'),
(12, 'Admin', 'CDWY02', 'ff'),
(13, 'Admin', 'KGP16J', 'real');

--
-- Indexes for dumped tables
--

--
-- Indexes for table `questions`
--
ALTER TABLE `questions`
  ADD PRIMARY KEY (`id`);

--
-- Indexes for table `users`
--
ALTER TABLE `users`
  ADD PRIMARY KEY (`id`),
  ADD UNIQUE KEY `id` (`id`,`username`);

--
-- Indexes for table `user_tags`
--
ALTER TABLE `user_tags`
  ADD PRIMARY KEY (`id`);

--
-- AUTO_INCREMENT for dumped tables
--

--
-- AUTO_INCREMENT for table `users`
--
ALTER TABLE `users`
  MODIFY `id` int(11) NOT NULL AUTO_INCREMENT, AUTO_INCREMENT=6;

--
-- AUTO_INCREMENT for table `user_tags`
--
ALTER TABLE `user_tags`
  MODIFY `id` int(11) NOT NULL AUTO_INCREMENT, AUTO_INCREMENT=14;
COMMIT;

/*!40101 SET CHARACTER_SET_CLIENT=@OLD_CHARACTER_SET_CLIENT */;
/*!40101 SET CHARACTER_SET_RESULTS=@OLD_CHARACTER_SET_RESULTS */;
/*!40101 SET COLLATION_CONNECTION=@OLD_COLLATION_CONNECTION */;
